Voyage,Date,Time,Machine_Category,Machine_ID,Engine RPM,Lub oil pressure,Lub oil temperature,Coolant temperature,Exhaust temperature,Status,oil_pressure_fault,oil_temp_fault,coolant_temp_fault,exhaust_temp_fault,rpm_fault,num_rules_triggered,is_generator,Status_label,exhaust_temp_missing
V001,04/10/2025 00:00,07:30:00,Engine,ME1,650,4,75,67,360,Normal,0,0,0,0,0,0,0,0,0
V001,04/10/2025 00:00,07:30:00,Engine,ME2,650,4.1,76,68,364,Normal,0,0,0,0,0,0,0,0,0
V001,04/10/2025 00:00,06:00:00,Generator,GEN2,1540,4.2,76,66.5,,Normal,0,0,0,0,0,0,1,0,1
V001,04/10/2025 00:00,08:00:00,Engine,ME1,1200,5,80,70,367,Normal,0,0,0,0,0,0,0,0,0
V001,04/10/2025 00:00,08:00:00,Engine,ME2,1202,5.03,80.2,71,370,Normal,0,0,0,0,0,0,0,0,0
V001,04/10/2025 00:00,06:30:00,Generator,GEN2,1545,4.3,76.5,66.7,,Normal,0,0,0,0,0,0,1,0,1
V001,04/10/2025 00:00,08:30:00,Engine,ME1,1600,5.8,94.8,74,375,Normal,0,0,0,0,0,0,0,0,0
V001,04/10/2025 00:00,08:30:00,Engine,ME2,1600,6.04,93.5,76,377,Normal,0,0,0,0,0,0,0,0,0
V001,04/10/2025 00:00,07:00:00,Generator,GEN2,1540,4.3,76.5,66.8,,Normal,0,0,0,0,0,0,1,0,1
V001,04/10/2025 00:00,09:00:00,Engine,ME1,1600,5.9,94.9,74.3,376,Normal,0,0,0,0,0,0,0,0,0
V001,04/10/2025 00:00,09:00:00,Engine,ME2,1600,6.08,93.7,76.4,378,Normal,0,0,0,0,0,0,0,0,0
V001,04/10/2025 00:00,07:30:00,Generator,GEN2,1540,4.3,76.8,66.9,,Normal,0,0,0,0,0,0,1,0,1
V001,04/10/2025 00:00,09:30:00,Engine,ME1,1550,5.4,94,73.9,375,Normal,0,0,0,0,0,0,0,0,0
V001,04/10/2025 00:00,09:30:00,Engine,ME2,1555,5.6,93,75.9,377,Normal,0,0,0,0,0,0,0,0,0
V001,04/10/2025 00:00,08:00:00,Generator,GEN2,1500,4.1,75,66,,Normal,0,0,0,0,0,0,1,0,1
V001,04/10/2025 00:00,10:00:00,Engine,ME1,1600,5.8,94.8,74.2,376,Normal,0,0,0,0,0,0,0,0,0
V001,04/10/2025 00:00,10:00:00,Engine,ME2,1600,6.06,93.9,76.1,377,Normal,0,0,0,0,0,0,0,0,0
V001,04/10/2025 00:00,08:30:00,Generator,GEN2,1540,4.19,76,66.5,,Normal,0,0,0,0,0,0,1,0,1
V001,04/10/2025 00:00,10:30:00,Engine,ME1,1600,5.9,94.9,74.5,377,Normal,0,0,0,0,0,0,0,0,0
V001,04/10/2025 00:00,10:30:00,Engine,ME2,1600,6.07,93.99,76.4,378,Normal,0,0,0,0,0,0,0,0,0
V001,04/10/2025 00:00,09:00:00,Generator,GEN2,1540,4.2,76.3,66.7,,Normal,0,0,0,0,0,0,1,0,1
V001,04/10/2025 00:00,11:00:00,Engine,ME1,1600,5.9,94.9,74.5,377,Normal,0,0,0,0,0,0,0,0,0
V001,04/10/2025 00:00,11:00:00,Engine,ME2,1600,6.07,93.98,76.4,378,Normal,0,0,0,0,0,0,0,0,0
V001,04/10/2025 00:00,09:30:00,Generator,GEN2,1540,4.1,76,66,,Normal,0,0,0,0,0,0,1,0,1
V001,04/10/2025 00:00,11:30:00,Engine,ME1,1600,6.5,100,80,400,Fault,0,0,0,0,0,0,0,1,0
V001,04/10/2025 00:00,11:30:00,Engine,ME2,1500,6,93,75.5,376,Normal,0,0,0,0,0,0,0,0,0
V001,04/10/2025 00:00,10:00:00,Generator,GEN2,1540,6.5,85,77,,Fault,0,0,0,0,0,0,1,1,1
V001,04/10/2025 00:00,12:00:00,Engine,ME1,1600,5.7,94,74.3,376,Normal,0,0,0,0,0,0,0,0,0
V001,04/10/2025 00:00,12:00:00,Engine,ME2,1600,6.5,100,80,400,Fault,0,0,0,0,0,0,0,1,0
V001,04/10/2025 00:00,10:30:00,Generator,GEN2,1520,3.9,75.5,65,,Normal,0,0,0,0,0,0,1,0,1
V001,05/10/2025 00:00,12:30:00,Engine,ME1,1600,5.8,94.3,74.5,377,Normal,0,0,0,0,0,0,0,0,0
V001,05/11/2025 00:00,12:30:00,Engine,ME2,1600,6.05,93.5,75,376,Normal,0,0,0,0,0,0,0,0,0
V001,04/10/2025 00:00,11:00:00,Generator,GEN2,1540,4,75.9,65.7,,Normal,0,0,0,0,0,0,1,0,1
V001,05/10/2025 00:00,13:00:00,Engine,ME1,1600,5.9,94.8,74.8,377,Normal,0,0,0,0,0,0,0,0,0
V001,4/14/25 0:00,13:00:00,Engine,ME2,1600,6.08,93.9,75.6,377,Normal,0,0,0,0,0,0,0,0,0
V001,04/10/2025 00:00,11:30:00,Generator,GEN2,1537,3.9,75.2,65.2,,Normal,1,0,0,0,0,1,1,0,1
V001,04/10/2025 00:00,13:30:00,Engine,ME1,1600,5.7,94,74,376,Normal,0,0,0,0,0,0,0,0,0
V001,04/10/2025 00:00,13:30:00,Engine,ME2,1600,5.97,93,75,376,Normal,0,0,0,0,0,0,0,0,0
V001,04/10/2025 00:00,12:00:00,Generator,GEN2,1540,4,76,65.8,,Normal,0,0,0,0,0,0,1,0,1
V001,04/10/2025 00:00,14:00:00,Engine,ME1,1500,5,93,73,375,Normal,0,0,0,0,0,0,0,0,0
V001,04/10/2025 00:00,14:00:00,Engine,ME2,1500,5.3,92,74,375,Normal,0,0,0,0,0,0,0,0,0
V001,04/10/2025 00:00,12:30:00,Generator,GEN2,1510,3.9,75.5,65.4,,Normal,0,0,0,0,0,0,1,0,1
V001,04/10/2025 00:00,14:30:00,Engine,ME1,1550,5.1,93.4,73.4,376,Normal,0,0,0,0,0,0,0,0,0
V001,04/10/2025 00:00,14:30:00,Engine,ME2,1550,5.4,92.3,74.3,376,Normal,0,0,0,0,0,0,0,0,0
V001,04/10/2025 00:00,13:00:00,Generator,GEN2,1540,4,76,66,,Normal,0,0,0,0,0,0,1,0,1
V001,04/10/2025 00:00,15:00:00,Engine,ME1,1600,5.6,94,74.2,377,Normal,0,0,0,0,0,0,0,0,0
V001,04/10/2025 00:00,15:00:00,Engine,ME2,1600,5.9,93,75,377,Normal,0,0,0,0,0,0,0,0,0
V001,04/10/2025 00:00,13:30:00,Generator,GEN2,1540,4.1,76.5,66.4,,Normal,0,0,0,0,0,0,1,0,1
V001,04/10/2025 00:00,15:30:00,Engine,ME1,1600,5.7,95,75,377.5,Normal,0,0,0,0,0,0,0,0,0
V001,04/10/2025 00:00,15:30:00,Engine,ME2,1600,6,94.5,76,378,Normal,0,0,0,0,0,0,0,0,0
V001,04/10/2025 00:00,14:00:00,Generator,GEN2,1540,4.14,77,66.9,,Normal,0,0,0,0,0,0,1,0,1
V002,05/10/2025 00:00,07:30:00,Engine,ME1,650,4.1,76,68,365,Normal,0,0,0,0,0,0,0,0,0
V002,05/10/2025 00:00,07:30:00,Engine,ME2,655,4.3,76.8,69,366,Normal,0,0,0,0,0,0,0,0,0
V002,05/10/2025 00:00,05:00:00,Generator,GEN2,1540,4.4,76,66.5,,Normal,0,0,0,0,0,0,1,0,1
V002,05/10/2025 00:00,08:00:00,Engine,ME1,1000,4.5,78,71,368,Normal,0,0,0,0,0,0,0,0,0
V002,05/10/2025 00:00,08:00:00,Engine,ME2,1000,4.7,79,72,368.5,Normal,0,0,0,0,0,0,0,0,0
V002,05/10/2025 00:00,05:30:00,Generator,GEN2,1500,4.2,75,65,,Normal,0,0,0,0,0,0,1,0,1
V002,05/10/2025 00:00,08:30:00,Engine,ME1,1200,5.1,82,73,370,Normal,0,0,0,0,0,0,0,0,0
V002,05/10/2025 00:00,08:30:00,Engine,ME2,1200,5.4,83,74,370,Normal,0,0,0,0,0,0,0,0,0
V002,05/10/2025 00:00,06:00:00,Generator,GEN2,1520,4.3,75.7,65.8,,Normal,0,0,0,0,0,0,1,0,1
V002,05/10/2025 00:00,09:00:00,Engine,ME1,1600,5.85,94.3,76,380,Normal,0,0,0,0,0,0,0,0,0
V002,05/10/2025 00:00,09:00:00,Engine,ME2,1600,6.1,92.3,74,384,Normal,0,0,0,0,0,0,0,0,0
V002,05/10/2025 00:00,06:30:00,Generator,GEN2,1540,4.35,76,66,,Normal,0,0,0,0,0,0,1,0,1
V002,05/10/2025 00:00,09:30:00,Engine,ME1,1600,5.89,94.5,76.4,384,Normal,0,0,0,0,0,0,0,0,0
V002,05/10/2025 00:00,09:30:00,Engine,ME2,1600,6.15,93,74.5,386,Normal,0,0,0,0,0,0,0,0,0
V002,05/10/2025 00:00,07:00:00,Generator,GEN2,1540,4.4,76.5,66.6,,Normal,0,0,0,0,0,0,1,0,1
V002,05/10/2025 00:00,10:00:00,Engine,ME1,1500,5.4,93.5,75,380,Normal,0,0,0,0,0,0,0,0,0
V002,05/10/2025 00:00,10:00:00,Engine,ME2,1550,5.7,92,73.5,382,Normal,0,0,0,0,0,0,0,0,0
V002,05/10/2025 00:00,07:30:00,Generator,GEN2,1500,4.1,75,65,,Normal,0,0,0,0,0,0,1,0,1
V002,05/10/2025 00:00,10:30:00,Engine,ME1,1550,5.5,93.9,76,381,Normal,0,0,0,0,0,0,0,0,0
V002,05/10/2025 00:00,10:30:00,Engine,ME2,1555,5.8,92.8,74.2,382,Normal,0,0,0,0,0,0,0,0,0
V002,05/10/2025 00:00,08:00:00,Generator,GEN2,1540,4.2,76,66,,Normal,0,0,0,0,0,0,1,0,1
V002,05/10/2025 00:00,11:00:00,Engine,ME1,1600,5.7,94.4,77,384,Normal,0,0,0,0,0,0,0,0,0
V002,05/10/2025 00:00,11:00:00,Engine,ME2,1600,6,93.4,76,385,Normal,0,0,0,0,0,0,0,0,0
V002,05/10/2025 00:00,08:30:00,Generator,GEN2,1540,4,74,65,,Normal,0,0,0,0,0,0,1,0,1
V002,05/10/2025 00:00,11:30:00,Engine,ME1,1600,5.5,93.5,76,380,Normal,0,0,0,0,0,0,0,0,0
V002,05/10/2025 00:00,11:30:00,Engine,ME2,1600,5.8,92.5,75,382,Normal,0,0,0,0,0,0,0,0,0
V002,05/10/2025 00:00,09:00:00,Generator,GEN2,1540,4.2,76,66,,Normal,0,0,0,0,0,0,1,0,1
V002,05/10/2025 00:00,12:00:00,Engine,ME1,1550,5.3,92,75,379,Normal,0,0,0,0,0,0,0,0,0
V002,05/10/2025 00:00,12:00:00,Engine,ME2,1553,5.5,91,73,380,Normal,0,0,0,0,0,0,0,0,0
V002,05/10/2025 00:00,09:30:00,Generator,GEN2,1500,4,75,65,,Normal,0,0,0,0,0,0,1,0,1
V002,05/10/2025 00:00,12:30:00,Engine,ME1,1600,5.4,93,76,380,Normal,0,0,0,0,0,0,0,0,0
V002,05/10/2025 00:00,12:30:00,Engine,ME2,1600,5.6,92,74,381,Normal,0,0,0,0,0,0,0,0,0
V002,05/10/2025 00:00,10:00:00,Generator,GEN2,1540,4.2,76,66,,Normal,0,0,0,0,0,0,1,0,1
V002,05/10/2025 00:00,13:00:00,Engine,ME1,1600,6.5,100,80,400,Fault,0,0,0,0,0,0,0,1,0
V002,05/10/2025 00:00,13:00:00,Engine,ME2,1500,5.4,90,71,377,Normal,0,0,0,0,0,0,0,0,0
V002,05/10/2025 00:00,10:30:00,Generator,GEN2,1510,4.1,74,65,,Normal,0,0,0,0,0,0,1,0,1
V002,05/10/2025 00:00,13:30:00,Engine,ME1,1600,5.8,93,74,380,Normal,0,0,0,0,0,0,0,0,0
V002,05/10/2025 00:00,13:30:00,Engine,ME2,1600,6.8,110,85,399,Fault,1,1,0,0,0,2,0,1,0
V002,05/10/2025 00:00,11:00:00,Generator,GEN2,1540,6.5,90,80,,Fault,0,0,0,0,0,0,1,1,1
V002,05/10/2025 00:00,14:00:00,Engine,ME1,1200,4.5,87,71,377,Normal,0,0,0,0,0,0,0,0,0
V002,05/10/2025 00:00,14:00:00,Engine,ME2,1200,4.9,93,73,380,Normal,0,0,0,0,0,0,0,0,0
V002,05/10/2025 00:00,11:30:00,Generator,GEN2,1500,4.2,72,66.5,,Normal,0,0,0,0,0,0,1,0,1
V002,05/10/2025 00:00,14:30:00,Engine,ME1,1000,4.2,85,70,377,Normal,0,0,0,0,0,0,0,0,0
V002,05/10/2025 00:00,14:30:00,Engine,ME2,1000,4.4,90,71,378,Normal,0,0,0,0,0,0,0,0,0
V002,05/10/2025 00:00,12:00:00,Generator,GEN2,1540,4.4,74,66.9,,Normal,0,0,0,0,0,0,1,0,1
V002,05/10/2025 00:00,15:00:00,Engine,ME1,1000,4.3,86,71,378,Normal,0,0,0,0,0,0,0,0,0
V002,05/10/2025 00:00,15:00:00,Engine,ME2,1000,4.5,91,72,379,Normal,0,0,0,0,0,0,0,0,0
V002,05/10/2025 00:00,12:30:00,Generator,GEN2,1550,4.5,75,67,,Normal,0,0,0,0,0,0,1,0,1
V002,05/10/2025 00:00,15:30:00,Engine,ME1,650,3.8,82,69,376,Normal,0,0,0,0,0,0,0,0,0
V002,05/10/2025 00:00,15:30:00,Engine,ME2,650,3.9,85,69,377,Normal,0,0,0,0,0,0,0,0,0
V002,05/10/2025 00:00,13:00:00,Generator,GEN2,1540,4.2,73,66,,Normal,0,0,0,0,0,0,1,0,1
V003,07/10/2025 00:00,07:00:00,Engine,ME1,650,3.7,81,68,370,Normal,0,0,0,0,0,0,0,0,0
V003,07/10/2025 00:00,07:00:00,Engine,ME2,650,3.8,84,68,370,Normal,0,0,0,0,0,0,0,0,0
V003,07/10/2025 00:00,05:00:00,Generator,GEN1,1540,3.8,72.5,66,,Normal,0,0,0,0,0,0,1,0,1
V003,07/10/2025 00:00,07:30:00,Engine,ME1,1000,4,83,70,373,Normal,0,0,0,0,0,0,0,0,0
V003,07/10/2025 00:00,07:30:00,Engine,ME2,1000,4.1,86,71,374,Normal,0,0,0,0,0,0,0,0,0
V003,07/10/2025 00:00,05:30:00,Generator,GEN1,1540,3.9,73,66.3,,Normal,0,0,0,0,0,0,1,0,1
V003,07/10/2025 00:00,08:00:00,Engine,ME1,1200,4.4,86,72,376,Normal,0,0,0,0,0,0,0,0,0
V003,07/10/2025 00:00,08:00:00,Engine,ME2,1200,4.5,88,73,377,Normal,0,0,0,0,0,0,0,0,0
V003,07/10/2025 00:00,06:00:00,Generator,GEN1,1540,4,74,66.5,,Normal,0,0,0,0,0,0,1,0,1
V003,07/10/2025 00:00,08:30:00,Engine,ME1,1600,5,88,72,377,Normal,0,0,0,0,0,0,0,0,0
V003,07/10/2025 00:00,08:30:00,Engine,ME2,1600,5,90,74,378,Normal,0,0,0,0,0,0,0,0,0
V003,07/10/2025 00:00,06:30:00,Generator,GEN1,1500,3.9,73,66,,Normal,0,0,0,0,0,0,1,0,1
V003,07/10/2025 00:00,09:00:00,Engine,ME1,1600,5.91,91.7,73,380,Normal,0,0,0,0,0,0,0,0,0
V003,07/10/2025 00:00,09:00:00,Engine,ME2,1600,5.74,94.6,75,380,Normal,0,0,0,1,0,1,0,0,0
V003,07/10/2025 00:00,07:00:00,Generator,GEN1,1520,4,73.5,66.4,,Normal,0,0,0,0,0,0,1,0,1
V003,07/10/2025 00:00,09:30:00,Engine,ME1,1500,5.4,88,71.5,378,Normal,0,0,0,0,0,0,0,0,0
V003,07/10/2025 00:00,09:30:00,Engine,ME2,1500,5.3,92,73,378,Normal,0,0,0,0,0,0,0,0,0
V003,07/10/2025 00:00,07:30:00,Generator,GEN1,1540,4.1,74,66.8,,Normal,0,0,0,0,0,0,1,0,1
V003,07/10/2025 00:00,10:00:00,Engine,ME1,1600,5.6,89,72,379,Normal,0,0,0,0,0,0,0,0,0
V003,07/10/2025 00:00,10:00:00,Engine,ME2,1600,5.5,92.5,73.5,379,Normal,0,0,0,0,0,0,0,0,0
V003,07/10/2025 00:00,08:00:00,Generator,GEN1,1540,4.2,75,66.9,,Normal,0,0,0,0,0,0,1,0,1
V003,07/10/2025 00:00,10:30:00,Engine,ME1,1600,5.7,90,73,380,Normal,0,0,0,0,0,0,0,0,0
V003,07/10/2025 00:00,10:30:00,Engine,ME2,1600,5.6,93,74,380,Normal,0,0,0,0,0,0,0,0,0
V003,07/10/2025 00:00,08:30:00,Generator,GEN1,1510,4,72,66.4,,Normal,0,0,0,0,0,0,1,0,1
V003,07/10/2025 00:00,11:00:00,Engine,ME1,1550,5.5,88,72,379,Normal,0,0,0,0,0,0,0,0,0
V003,07/10/2025 00:00,11:00:00,Engine,ME2,1550,5.4,91,73,379,Normal,0,0,0,0,0,0,0,0,0
V003,07/10/2025 00:00,09:00:00,Generator,GEN1,1520,4.1,72.6,66.7,,Normal,0,0,0,0,0,0,1,0,1
V003,07/10/2025 00:00,11:30:00,Engine,ME1,1580,5.6,89,72.5,379,Normal,0,0,0,0,0,0,0,0,0
V003,07/10/2025 00:00,11:30:00,Engine,ME2,1580,5.5,92,73.6,379,Normal,0,0,0,0,0,0,0,0,0
V003,07/10/2025 00:00,09:30:00,Generator,GEN1,1530,4.2,73,66.9,,Normal,0,0,0,0,0,0,1,0,1
V003,07/10/2025 00:00,12:00:00,Engine,ME1,1200,5.1,85,69,374,Normal,0,0,0,0,0,0,0,0,0
V003,07/10/2025 00:00,12:00:00,Engine,ME2,1200,4.9,88,69,375,Normal,0,0,0,0,0,0,0,0,0
V003,07/10/2025 00:00,10:00:00,Generator,GEN1,1540,4.3,73,66.9,,Normal,0,0,0,0,0,0,1,0,1
V003,07/10/2025 00:00,12:30:00,Engine,ME1,1000,4.4,82,66,370,Normal,0,0,0,0,0,0,0,0,0
V003,07/10/2025 00:00,12:30:00,Engine,ME2,1000,4.3,85,66,370,Normal,0,0,0,0,0,0,0,0,0
V003,07/10/2025 00:00,10:30:00,Generator,GEN1,1540,4.4,74,66.9,,Normal,0,0,0,0,0,0,1,0,1
V003,07/10/2025 00:00,13:00:00,Engine,ME1,650,4,80,65,365,Normal,0,0,0,0,0,0,0,0,0
V003,07/10/2025 00:00,13:00:00,Engine,ME2,650,3.9,82,65,365,Normal,0,0,0,0,0,0,0,0,0
V003,07/10/2025 00:00,11:00:00,Generator,GEN1,1540,4.41,74.5,67,,Normal,0,0,0,0,0,0,1,0,1
V004,08/10/2025 00:00,01:00:00,Engine,ME1,650,3.9,76,64,365,Normal,0,0,0,0,0,0,0,0,0
V004,08/10/2025 00:00,01:00:00,Engine,ME2,650,3.8,78,64,365,Normal,0,0,0,0,0,0,0,0,0
V004,08/10/2025 00:00,00:00:00,Generator,GEN1,1540,4.1,72.5,66,,Normal,0,0,0,0,0,0,1,0,1
V004,08/10/2025 00:00,01:30:00,Engine,ME1,1000,4.6,78,69,369,Normal,0,0,0,0,0,0,0,0,0
V004,08/10/2025 00:00,01:30:00,Engine,ME2,1000,4.5,79,69,369,Normal,0,0,0,0,0,0,0,0,0
V004,08/10/2025 00:00,00:30:00,Generator,GEN1,1540,4.2,73,66.5,,Normal,0,0,0,0,0,0,1,0,1
V004,08/10/2025 00:00,02:00:00,Engine,ME1,1200,5,84,72,370,Normal,0,0,0,0,0,0,0,0,0
V004,08/10/2025 00:00,02:00:00,Engine,ME2,1200,5,85,72,370,Normal,0,0,0,0,0,0,0,0,0
V004,08/10/2025 00:00,01:00:00,Generator,GEN1,1530,4.1,71,65,,Normal,0,0,0,0,0,0,1,0,1
V004,08/10/2025 00:00,02:30:00,Engine,ME1,1600,5.86,91.2,73,377,Normal,0,0,0,0,0,0,0,0,0
V004,08/10/2025 00:00,02:30:00,Engine,ME2,1600,5.75,94.1,75,380,Normal,0,0,0,0,0,0,0,0,0
V004,08/10/2025 00:00,01:30:00,Generator,GEN1,1520,4,70,64.5,,Normal,0,0,0,0,0,0,1,0,1
V004,08/10/2025 00:00,03:00:00,Engine,ME1,1600,5.9,92,73,379,Normal,0,0,0,0,0,0,0,0,0
V004,08/10/2025 00:00,03:00:00,Engine,ME2,1600,5.8,94.5,75.5,380,Normal,0,0,0,0,0,0,0,0,0
V004,08/10/2025 00:00,02:00:00,Generator,GEN1,1510,3.95,70,64,,Normal,0,0,0,0,0,0,1,0,1
V004,08/10/2025 00:00,03:30:00,Engine,ME1,1550,5.5,91,72,378,Normal,0,0,0,0,0,0,0,0,0
V004,08/10/2025 00:00,03:30:00,Engine,ME1,1550,5.4,93,74,379,Normal,0,0,0,0,0,0,0,0,0
V004,08/10/2025 00:00,02:30:00,Generator,GEN1,1500,3.9,70,64,,Normal,0,0,0,0,0,0,1,0,1
V004,08/10/2025 00:00,04:00:00,Engine,ME1,1200,5.1,88,69,370,Normal,0,0,0,0,0,0,0,0,0
V004,08/10/2025 00:00,04:00:00,Engine,ME2,1200,4.9,89,70,370,Normal,0,0,0,0,0,0,0,0,0
V004,08/10/2025 00:00,03:00:00,Generator,GEN1,1490,3.8,70,64,,Normal,0,0,0,0,0,0,1,0,1
V004,08/10/2025 00:00,04:30:00,Engine,ME1,1000,4.4,84,67,367,Normal,0,0,0,0,0,0,0,0,0
V004,08/10/2025 00:00,04:30:00,Engine,ME2,1000,4.3,85,66,367,Normal,0,0,0,0,0,0,0,0,0
V004,08/10/2025 00:00,03:30:00,Generator,GEN1,1540,4.2,73,66,,Normal,0,0,0,0,0,0,1,0,1
V004,08/10/2025 00:00,05:00:00,Engine,ME1,650,3.9,80,65,360,Normal,0,0,0,0,0,0,0,0,0
V004,08/10/2025 00:00,05:00:00,Engine,ME2,650,3.8,81,65,360,Normal,0,0,0,0,0,0,0,0,0
V004,08/10/2025 00:00,04:00:00,Generator,GEN1,1540,4.3,73.4,66.5,,Normal,0,0,0,0,0,0,1,0,1
V005,11/10/2025 00:00,07:00:00,Engine,ME1,650,3.8,78,65,357,Normal,0,0,0,0,0,0,0,0,0
V005,11/10/2025 00:00,07:00:00,Engine,ME2,650,3.7,79,65,357,Normal,0,0,0,0,0,0,0,0,0
V005,11/10/2025 00:00,05:00:00,Generator,GEN1,1540,3.8,72,61.3,,Normal,0,0,0,0,0,0,1,0,1
V005,11/10/2025 00:00,07:30:00,Engine,ME1,800,4,79,67,360,Normal,0,0,0,0,0,0,0,0,0
V005,11/10/2025 00:00,07:30:00,Engine,ME2,800,3.9,80,67,360,Normal,0,0,0,0,0,0,0,0,0
V005,11/10/2025 00:00,05:30:00,Generator,GEN1,1550,4,73,62,,Normal,0,0,0,0,0,0,1,0,1
V005,11/10/2025 00:00,08:00:00,Engine,ME1,1000,4.3,82,69,364,Normal,0,0,0,0,0,0,0,0,0
V005,11/10/2025 00:00,08:00:00,Engine,ME2,1000,4.2,83,70,365,Normal,0,0,0,0,0,0,0,0,0
V005,11/10/2025 00:00,06:00:00,Generator,GEN1,1500,3.8,72,61.5,,Normal,0,0,0,0,0,0,1,0,1
V005,11/10/2025 00:00,08:30:00,Engine,ME1,1200,4.5,85,70,367,Normal,0,0,0,0,0,0,0,0,0
V005,11/10/2025 00:00,08:30:00,Engine,ME2,1200,4.4,86,71,369,Normal,0,0,0,0,0,0,0,0,0
V005,11/10/2025 00:00,06:30:00,Generator,GEN1,1490,3.7,71.5,61,,Normal,0,0,0,0,0,0,1,0,1
V005,11/10/2025 00:00,09:00:00,Engine,ME1,1400,5,87,72,370,Normal,0,0,0,0,0,0,0,0,0
V005,11/10/2025 00:00,09:00:00,Engine,ME2,1400,4.9,87,72.5,370,Normal,0,0,0,0,0,0,0,0,0
V005,11/10/2025 00:00,07:00:00,Generator,GEN1,1500,3.8,72,62,,Normal,0,0,0,0,0,0,1,0,1
V005,11/10/2025 00:00,09:30:00,Engine,ME1,1600,5.85,91.2,74,375,Normal,0,0,0,0,0,0,0,0,0
V005,11/10/2025 00:00,09:30:00,Engine,ME2,1600,5.76,93.7,75,376,Normal,0,0,0,0,0,0,0,0,0
V005,11/10/2025 00:00,07:30:00,Generator,GEN1,1540,4.1,74,64,,Normal,0,0,0,0,0,0,1,0,1
V005,11/10/2025 00:00,10:00:00,Engine,ME1,1600,5.9,92,75,377,Normal,0,0,0,0,0,0,0,0,0
V005,11/10/2025 00:00,10:00:00,Engine,ME2,1600,5.81,94,76,377,Normal,0,0,0,0,0,0,0,0,0
V005,11/10/2025 00:00,08:00:00,Generator,GEN1,1540,6.5,100,80,,Fault,0,0,0,0,0,0,1,1,1
V005,11/10/2025 00:00,10:30:00,Engine,ME1,1550,5.8,92,73,375,Normal,0,0,0,0,0,0,0,0,0
V005,11/10/2025 00:00,10:30:00,Engine,ME2,1555,5.8,93,76,376,Normal,0,0,0,0,0,0,0,0,0
V005,11/10/2025 00:00,08:30:00,Generator,GEN1,1510,4,72,65,,Normal,0,0,0,0,0,0,1,0,1
V005,11/10/2025 00:00,11:00:00,Engine,ME1,1600,6.5,100,85,400,Fault,0,0,0,0,0,0,0,1,0
V005,11/10/2025 00:00,11:00:00,Engine,ME2,1550,5.81,93.4,76,376,Normal,0,0,0,0,0,0,0,0,0
V005,11/10/2025 00:00,09:00:00,Generator,GEN1,1520,4.1,72,66,,Normal,0,0,0,0,0,0,1,0,1
V005,11/10/2025 00:00,11:30:00,Engine,ME1,1510,5,92,72,375,Normal,0,0,0,0,0,0,0,0,0
V005,11/10/2025 00:00,11:30:00,Engine,ME2,1600,6.5,100,89,399,Fault,0,0,1,0,0,1,0,1,0
V005,11/10/2025 00:00,09:30:00,Generator,GEN1,1530,4.15,72,66,,Normal,0,0,0,0,0,0,1,0,1
V005,11/10/2025 00:00,12:00:00,Engine,ME1,1500,5,91.5,72,375,Normal,0,0,0,0,0,0,0,0,0
V005,11/10/2025 00:00,12:00:00,Engine,ME2,1550,5,92,72,377,Normal,0,0,0,0,0,0,0,0,0
V005,11/10/2025 00:00,10:00:00,Generator,GEN1,1540,4.2,73,66.5,,Normal,0,0,0,0,0,0,1,0,1
V005,11/10/2025 00:00,12:30:00,Engine,ME1,1450,4.9,91,72,375,Normal,0,0,0,0,0,0,0,0,0
V005,11/10/2025 00:00,12:30:00,Engine,ME2,1500,4.8,91,71,376,Normal,0,0,0,0,0,0,0,0,0
V005,11/10/2025 00:00,10:30:00,Generator,GEN1,1450,4.3,73.5,67,,Normal,0,0,0,0,0,0,1,0,1
V005,11/10/2025 00:00,13:00:00,Engine,ME1,1200,4.5,87,71,373,Normal,0,0,0,0,0,0,0,0,0
V005,11/10/2025 00:00,13:00:00,Engine,ME2,1200,4.4,88,70,372,Normal,0,0,0,0,0,0,0,0,0
V005,11/10/2025 00:00,11:00:00,Generator,GEN1,1540,6.5,100,85,,Fault,0,0,0,0,0,0,1,1,1
V005,11/10/2025 00:00,13:30:00,Engine,ME1,1000,4.25,85,70,370,Normal,0,0,0,0,0,0,0,0,0
V005,11/10/2025 00:00,13:30:00,Engine,ME2,1000,4.2,85.4,70,370,Normal,0,0,0,0,0,0,0,0,0
V005,11/10/2025 00:00,11:30:00,Generator,GEN1,1500,4.3,72,67,,Normal,0,0,0,0,0,0,1,0,1
V005,11/10/2025 00:00,14:00:00,Engine,ME1,800,4,82,69,368,Normal,0,0,0,0,0,0,0,0,0
V005,11/10/2025 00:00,14:00:00,Engine,ME2,800,4,82.4,69,369,Normal,0,0,0,0,0,0,0,0,0
V005,11/10/2025 00:00,12:00:00,Generator,GEN1,1540,4.35,73,67.5,,Normal,0,0,0,0,0,0,1,0,1
V005,11/10/2025 00:00,14:30:00,Engine,ME1,800,4.1,83,69,366,Normal,0,0,0,0,0,0,0,0,0
V005,11/10/2025 00:00,14:30:00,Engine,ME2,800,4,83,70,367,Normal,0,0,0,0,0,0,0,0,0
V005,11/10/2025 00:00,12:30:00,Generator,GEN1,1550,4.4,74,68,,Normal,0,0,0,0,0,0,1,0,1
V005,11/10/2025 00:00,15:00:00,Engine,ME1,650,3.9,80,67,365,Normal,0,0,0,0,0,0,0,0,0
V005,11/10/2025 00:00,15:00:00,Engine,ME2,650,3.9,80,67.5,366,Normal,0,0,0,0,0,0,0,0,0
V005,11/10/2025 00:00,13:00:00,Generator,GEN1,1540,4.2,73,67,,Normal,0,0,0,0,0,0,1,0,1
V005,11/10/2025 00:00,15:30:00,Engine,ME1,650,3.6,77,65.9,359.8,Normal,0,0,0,0,0,0,0,0,0
V005,11/10/2025 00:00,15:30:00,Engine,ME2,650,3.7,78,66,360,Normal,0,0,0,0,0,0,0,0,0
V005,11/10/2025 00:00,13:30:00,Generator,GEN1,1400,4,71,65,,Normal,0,0,0,0,0,0,1,0,1
V006,12/10/2025 00:00,07:10:00,Engine,ME1,650,3.5,77,65,355,Normal,0,0,0,0,0,0,0,0,0
V006,12/10/2025 00:00,07:10:00,Engine,ME2,650,3.6,78,65,356,Normal,0,0,0,0,0,0,0,0,0
V006,12/10/2025 00:00,05:00:00,Generator,GEN2,1540,3.8,72.5,62,,Normal,0,0,0,0,0,0,1,0,1
V006,12/10/2025 00:00,07:40:00,Engine,ME1,800,3.9,79,67,360,Normal,0,0,0,0,0,0,0,0,0
V006,12/10/2025 00:00,07:40:00,Engine,ME2,800,4,80,67,360,Normal,0,0,0,0,0,0,0,0,0
V006,12/10/2025 00:00,05:30:00,Generator,GEN2,1550,3.9,73,63,,Normal,0,0,0,0,0,0,1,0,1
V006,12/10/2025 00:00,08:10:00,Engine,ME1,1000,4.2,82,69,363,Normal,0,0,0,0,0,0,0,0,0
V006,12/10/2025 00:00,08:10:00,Engine,ME2,1000,4.2,83.5,70,364,Normal,0,0,0,0,0,0,0,0,0
V006,12/10/2025 00:00,06:00:00,Generator,GEN2,1530,3.7,72,63,,Normal,0,0,0,0,0,0,1,0,1
V006,12/10/2025 00:00,08:40:00,Engine,ME1,1200,4.7,86,70,368,Normal,0,0,0,0,0,0,0,0,0
V006,12/10/2025 00:00,08:40:00,Engine,ME2,1200,4.8,87,71,369,Normal,0,0,0,0,0,0,0,0,0
V006,12/10/2025 00:00,06:30:00,Generator,GEN2,1520,3.5,71,62,,Normal,0,0,0,0,0,0,1,0,1
V006,12/10/2025 00:00,09:10:00,Engine,ME1,1400,5.3,90,71,373,Normal,0,0,0,0,0,0,0,0,0
V006,12/10/2025 00:00,09:10:00,Engine,ME2,1400,5.4,91,72,374,Normal,0,0,0,0,0,0,0,0,0
V006,12/10/2025 00:00,07:00:00,Generator,GEN2,1540,3.9,73,64,,Normal,0,0,0,0,0,0,1,0,1
V006,12/10/2025 00:00,09:40:00,Engine,ME1,1600,5.89,93.2,74,377,Normal,0,0,0,0,0,0,0,0,0
V006,12/10/2025 00:00,09:40:00,Engine,ME2,1600,5.73,94.5,75,380,Normal,0,0,0,0,0,0,0,0,0
V006,12/10/2025 00:00,07:30:00,Generator,GEN2,1540,6.5,100,89,,Fault,0,0,1,0,0,1,1,1,1
V006,12/10/2025 00:00,10:10:00,Engine,ME1,1610,5.9,93.5,75,380,Normal,0,0,0,0,0,0,0,0,0
V006,12/10/2026 00:00,10:10:00,Engine,ME2,1605,5.79,94.9,76,381,Normal,0,0,0,0,0,0,0,0,0
V006,12/10/2025 00:00,08:00:00,Generator,GEN2,1500,4.1,73.5,65,,Normal,0,0,0,0,0,0,1,0,1
V006,12/10/2025 00:00,10:40:00,Engine,ME1,1600,6.7,112,90,410,Fault,1,1,1,1,0,4,0,1,0
V006,12/10/2025 00:00,10:40:00,Engine,ME2,1500,5.4,92,74,380,Normal,0,0,0,0,0,0,0,0,0
V006,12/10/2025 00:00,08:30:00,Generator,GEN2,1510,4.15,73.7,65.7,,Normal,0,0,0,0,0,0,1,0,1
V006,12/10/2025 00:00,11:10:00,Engine,ME1,1500,5.2,92,72,380,Normal,0,0,0,0,0,0,0,0,0
V006,12/10/2025 00:00,11:10:00,Engine,ME2,1530,5.45,93,74.5,379,Normal,0,0,0,0,0,0,0,0,0
V006,12/10/2025 00:00,09:00:00,Generator,GEN2,1520,4.2,73.8,66,,Normal,0,0,0,0,0,0,1,0,1
V006,12/10/2025 00:00,11:40:00,Engine,ME1,1520,5.3,92.3,72.5,380,Normal,0,0,0,0,0,0,0,0,0
V006,12/10/2025 00:00,11:40:00,Engine,ME2,1550,5.5,93.2,74.6,380,Normal,0,0,0,0,0,0,0,0,0
V006,12/10/2025 00:00,09:30:00,Generator,GEN2,1540,4.3,74,66.5,,Normal,0,0,0,0,0,0,1,0,1
V006,12/10/2025 00:00,12:10:00,Engine,ME1,1550,5.4,92.5,72.7,380,Normal,0,0,0,0,0,0,0,0,0
V006,12/10/2025 00:00,12:10:00,Engine,ME2,1570,5.5,93.5,75,380,Normal,0,0,0,0,0,0,0,0,0
V006,12/10/2025 00:00,10:00:00,Generator,GEN2,1540,6.7,100,85,,Fault,1,0,0,0,0,1,1,1,1
V006,12/10/2025 00:00,12:40:00,Engine,ME1,1500,5.3,92,72,380,Normal,0,0,0,0,0,0,0,0,0
V006,12/10/2025 00:00,12:40:00,Engine,ME2,1450,5.31,93,73,379,Normal,0,0,0,0,0,0,0,0,0
V006,12/10/2025 00:00,10:30:00,Generator,GEN2,1520,4.2,74,66,,Normal,0,0,0,0,0,0,1,0,1
V006,12/10/2025 00:00,13:10:00,Engine,ME1,1200,5,90,70,378,Normal,0,0,0,0,0,0,0,0,0
V006,12/10/2025 00:00,13:10:00,Engine,ME2,1200,5.1,91,71,379,Normal,0,0,0,0,0,0,0,0,0
V006,12/10/2025 00:00,11:00:00,Generator,GEN2,1510,4.1,73,66,,Normal,0,0,0,0,0,0,1,0,1
V006,12/10/2025 00:00,13:40:00,Engine,ME1,1000,4.8,89,69,378,Normal,0,0,0,0,0,0,0,0,0
V006,12/10/2025 00:00,13:40:00,Engine,ME2,1000,4.9,88,70,377,Normal,0,0,0,0,0,0,0,0,0
V006,12/10/2025 00:00,11:30:00,Generator,GEN2,1500,4,72,65.5,,Normal,0,0,0,0,0,0,1,0,1
V006,12/10/2025 00:00,14:10:00,Engine,ME1,1000,4.9,90,70,378,Normal,0,0,0,0,0,0,0,0,0
V006,12/10/2025 00:00,14:10:00,Engine,ME2,1000,5,89,71,379,Normal,0,0,0,0,0,0,0,0,0
V006,12/10/2025 00:00,12:00:00,Generator,GEN2,1540,4.2,73.5,66,,Normal,0,0,0,0,0,0,1,0,1
V006,12/10/2025 00:00,14:40:00,Engine,ME1,800,4.4,89,68,375,Normal,0,0,0,0,0,0,0,0,0
V006,12/10/2025 00:00,14:40:00,Engine,ME2,800,4.5,88,70,374,Normal,0,0,0,0,0,0,0,0,0
V006,12/10/2025 00:00,12:30:00,Generator,GEN2,1560,4.3,74,67,,Normal,0,0,0,0,0,0,1,0,1
V006,12/10/2025 00:00,15:10:00,Engine,ME1,650,4.1,86,66,370,Normal,0,0,0,0,0,0,0,0,0
V006,12/10/2025 00:00,15:10:00,Engine,ME2,650,4.2,85,67,370,Normal,0,0,0,0,0,0,0,0,0
V006,12/10/2025 00:00,13:00:00,Generator,GEN2,1550,4.2,73,66,,Normal,0,0,0,0,0,0,1,0,1
V006,12/10/2025 00:00,15:40:00,Engine,ME1,650,4,83,65,365,Normal,0,0,0,0,0,0,0,0,0
V006,12/10/2025 00:00,15:40:00,Engine,ME2,650,4.1,82,64,365,Normal,0,0,0,0,0,0,0,0,0
V006,12/10/2025 00:00,13:30:00,Generator,GEN2,1540,4.1,72,65.5,,Normal,0,0,0,0,0,0,1,0,1
V007,14/10/2025,07:00:00,Engine,ME1,650,3.9,72,65,364,Normal,0,0,0,0,0,0,0,0,0
V007,14/10/2025,07:00:00,Engine,ME2,650,4,71,63.5,364,Normal,0,0,0,0,0,0,0,0,0
V007,14/10/2025,05:00:00,Generator,GEN2,1540,3.8,72,62.5,,Normal,0,0,0,0,0,0,1,0,1
V007,14/10/2025,07:30:00,Engine,ME1,800,4.2,73.5,67,365,Normal,0,0,0,0,0,0,0,0,0
V007,14/10/2025,07:30:00,Engine,ME2,800,4.4,74,67,365,Normal,0,0,0,0,0,0,0,0,0
V007,14/10/2025,05:30:00,Generator,GEN2,1530,3.6,71,61.7,,Normal,0,0,0,0,0,0,1,0,1
V007,14/10/2025,08:00:00,Engine,ME1,1000,4.6,76,69,366,Normal,0,0,0,0,0,0,0,0,0
V007,14/10/2025,08:00:00,Engine,ME2,1000,4.7,75,68,366,Normal,0,0,0,0,0,0,0,0,0
V007,14/10/2025,06:00:00,Generator,GEN2,1510,3.5,70,60,,Normal,0,0,0,0,0,0,1,0,1
V007,14/10/2025,08:30:00,Engine,ME1,1200,4.9,80,71,369,Normal,0,0,0,0,0,0,0,0,0
V007,14/10/2025,08:30:00,Engine,ME2,1200,5,79,71,368,Normal,0,0,0,0,0,0,0,0,0
V007,14/10/2025,06:30:00,Generator,GEN2,1500,3.3,69,59.5,,Normal,0,0,1,0,0,1,1,0,1
V007,14/10/2025,09:00:00,Engine,ME1,1400,5.3,85,72.5,370,Normal,0,0,0,0,0,0,0,0,0
V007,14/10/2025,09:00:00,Engine,ME2,1400,5.2,85,73,370,Normal,0,0,0,0,0,0,0,0,0
V007,14/10/2025,07:00:00,Generator,GEN2,1540,3.7,71,61,,Normal,0,0,0,0,0,0,1,0,1
V007,14/10/2025,09:30:00,Engine,ME1,1600,5.81,92.6,74,380,Normal,0,0,0,0,0,0,0,0,0
V007,14/10/2025,09:30:00,Engine,ME2,1600,5.66,95.1,76,385,Normal,0,0,0,0,0,0,0,0,0
V007,14/10/2025,07:30:00,Generator,GEN2,1540,6.5,100,85,,Fault,0,0,0,0,0,0,1,1,1
V007,14/10/2025,10:00:00,Engine,ME1,1610,6.5,100,85,400,Fault,0,0,0,0,0,0,0,1,0
V007,14/10/2025,10:00:00,Engine,ME2,1550,5.3,92,71,380,Normal,0,0,0,0,0,0,0,0,0
V007,14/10/2025,08:00:00,Generator,GEN2,1500,3.5,70,61,,Normal,0,0,0,0,0,0,1,0,1
V007,14/10/2025,10:30:00,Engine,ME1,1500,5,90,70,377,Normal,0,0,0,0,0,0,0,0,0
V007,14/10/2025,10:30:00,Engine,ME2,1520,5.2,91,70.5,378,Normal,0,0,0,0,0,0,0,0,0
V007,14/10/2025,08:30:00,Generator,GEN2,1490,3.4,69,60,,Normal,0,0,0,0,0,0,1,0,1
V007,14/10/2025,11:00:00,Engine,ME1,1510,5,91,71,378,Normal,0,0,0,0,0,0,0,0,0
V007,14/10/2025,11:00:00,Engine,ME2,1600,6.5,100,85,400,Fault,0,0,0,0,0,0,0,1,0
V007,14/10/2025,09:00:00,Generator,GEN2,1470,3.3,67,60,,Normal,0,0,0,0,0,0,1,0,1
V007,14/10/2025,11:30:00,Engine,ME1,1500,4.9,90,70,377,Normal,0,0,0,0,0,0,0,0,0
V007,14/10/2025,11:30:00,Engine,ME2,1550,5.2,92,72,380,Normal,0,0,0,0,0,0,0,0,0
V007,14/10/2025,09:30:00,Generator,GEN2,1500,3.5,70,62,,Normal,0,0,0,0,0,0,1,0,1
V007,14/10/2025,12:00:00,Engine,ME1,1200,4.5,86,67,375,Normal,0,0,0,0,0,0,0,0,0
V007,14/10/2025,12:00:00,Engine,ME2,1200,4.6,88,70.5,376,Normal,0,0,0,0,0,0,0,0,0
V007,14/10/2025,10:00:00,Generator,GEN2,1520,3.6,72,63,,Normal,0,0,0,0,0,0,1,0,1
V007,14/10/2025,12:30:00,Engine,ME1,900,4.2,84,66,373,Normal,0,0,0,0,0,0,0,0,0
V007,14/10/2025,12:30:00,Engine,ME2,900,4.24,85,68,374,Normal,0,0,0,0,0,0,0,0,0
V007,14/10/2025,10:30:00,Generator,GEN2,1530,3.7,73,63,,Normal,0,0,0,0,0,0,1,0,1
V007,14/10/2025,13:00:00,Engine,ME1,650,4,82,65,370,Normal,0,0,0,0,0,0,0,0,0
V007,14/10/2025,13:00:00,Engine,ME2,650,4,83,65,370,Normal,0,0,0,0,0,0,0,0,0
V007,14/10/2025,11:00:00,Generator,GEN2,1540,3.8,74,64,,Normal,0,0,0,0,0,0,1,0,1
V008,15/10/2025,07:30:00,Engine,ME1,650,3.9,81,65,365,Normal,0,0,0,0,0,0,0,0,0
V008,15/10/2025,07:30:00,Engine,ME2,650,4,82,64,366,Normal,0,0,0,0,0,0,0,0,0
V008,15/10/2025,05:00:00,Generator,GEN1,1540,4.7,70,60.5,,Normal,0,0,0,0,0,0,1,0,1
V008,15/10/2025,08:00:00,Engine,ME1,800,4.2,83,67,368,Normal,0,0,0,0,0,0,0,0,0
V008,15/10/2025,08:00:00,Engine,ME2,810,4.3,84,67,370,Normal,0,0,0,0,0,0,0,0,0
V008,15/10/2025,05:30:00,Generator,GEN1,1550,6.6,100,85,,Fault,1,0,0,0,0,1,1,1,1
V008,15/10/2025,08:30:00,Engine,ME1,1000,4.5,85,70,370,Normal,0,0,0,0,0,0,0,0,0
V008,15/10/2025,08:30:00,Engine,ME2,1000,4.6,86,71,370,Normal,0,0,0,0,0,0,0,0,0
V008,15/10/2025,06:00:00,Generator,GEN1,1500,4.4,69,60,,Normal,0,0,0,0,0,0,1,0,1
V008,15/10/2025,09:00:00,Engine,ME1,1220,4.9,87,71,373,Normal,0,0,0,0,0,0,0,0,0
V008,15/10/2025,09:00:00,Engine,ME2,1200,5,87,72,375,Normal,0,0,0,0,0,0,0,0,0
V008,15/10/2025,06:30:00,Generator,GEN1,1450,4.3,67,59.6,,Normal,0,0,1,0,0,1,1,0,1
V008,15/10/2025,09:30:00,Engine,ME1,1400,5.1,89,72,375,Normal,0,0,0,0,0,0,0,0,0
V008,15/10/2025,09:30:00,Engine,ME2,1420,5,90,73,378,Normal,0,0,0,0,0,0,0,0,0
V008,15/10/2025,07:00:00,Generator,GEN1,1400,4,65,57,,Normal,0,0,1,0,0,1,1,0,1
V008,15/10/2025,10:00:00,Engine,ME1,1600,5.95,91,74,380,Normal,0,0,0,0,0,0,0,0,0
V008,15/10/2025,10:00:00,Engine,ME2,1620,5.62,94.6,76,380,Normal,0,0,0,0,0,0,0,0,0
V008,15/10/2025,07:30:00,Generator,GEN1,1500,4.5,69,60,,Normal,0,0,0,0,0,0,1,0,1
V008,15/10/2025,10:30:00,Engine,ME1,1550,5.5,90,72,377,Normal,0,0,0,0,0,0,0,0,0
V008,15/10/2025,10:30:00,Engine,ME2,1600,6.5,100,85,400,Fault,0,0,0,0,0,0,0,1,0
V008,15/10/2025,08:00:00,Generator,GEN1,1400,4.3,67,60,,Normal,0,0,0,0,0,0,1,0,1
V008,15/10/2025,11:00:00,Engine,ME1,1500,5.3,89,71,377,Normal,0,0,0,0,0,0,0,0,0
V008,15/10/2025,11:00:00,Engine,ME2,1550,5.6,90,72,377,Normal,0,0,0,0,0,0,0,0,0
V008,15/10/2025,08:30:00,Generator,GEN1,1450,4.4,69,60.5,,Normal,0,0,0,0,0,0,1,0,1
V008,15/10/2025,11:30:00,Engine,ME1,1550,5.5,92,72,378,Normal,0,0,0,0,0,0,0,0,0
V008,15/10/2025,11:30:00,Engine,ME2,1600,6.5,100,85,400,Fault,0,0,0,0,0,0,0,1,0
V008,15/10/2025,09:00:00,Generator,GEN1,1400,4.2,67,60,,Normal,0,0,0,0,0,0,1,0,1
V008,15/10/2025,12:00:00,Engine,ME1,1570,5.7,93,72.5,379,Normal,0,0,0,0,0,0,0,0,0
V008,15/10/2025,12:00:00,Engine,ME2,1500,5.1,90,71,377,Normal,0,0,0,0,0,0,0,0,0
V008,15/10/2025,09:30:00,Generator,GEN1,1410,4.21,68,60,,Normal,0,0,0,0,0,0,1,0,1
V008,15/10/2025,12:30:00,Engine,ME1,1200,5,90,71,377,Normal,0,0,0,0,0,0,0,0,0
V008,15/10/2025,12:30:00,Engine,ME2,1210,5,89,70,377,Normal,0,0,0,0,0,0,0,0,0
V008,15/10/2025,10:00:00,Generator,GEN1,1420,4.3,69,60,,Normal,0,0,0,0,0,0,1,0,1
V008,15/10/2025,13:00:00,Engine,ME1,900,4.6,85,67,375,Normal,0,0,0,0,0,0,0,0,0
V008,15/10/2025,13:00:00,Engine,ME2,900,4.7,84,66,376,Normal,0,0,0,0,0,0,0,0,0
V008,15/10/2025,10:30:00,Generator,GEN1,1500,4.4,70,61,,Normal,0,0,0,0,0,0,1,0,1
V008,15/10/2025,13:30:00,Engine,ME1,650,4.2,82,66,370,Normal,0,0,0,0,0,0,0,0,0
V008,15/10/2025,13:30:00,Engine,ME2,650,4.3,81,65,370,Normal,0,0,0,0,0,0,0,0,0
V008,15/10/2025,11:00:00,Generator,GEN1,1540,4.7,72,62,,Normal,0,0,0,0,0,0,1,0,1
V008,15/10/2025,14:00:00,Engine,ME1,650,4,80,65,367,Normal,0,0,0,0,0,0,0,0,0
V008,15/10/2025,14:00:00,Engine,ME2,650,3.9,79,64.5,366,Normal,0,0,0,0,0,0,0,0,0
V008,15/10/2025,11:30:00,Generator,GEN1,1550,4.8,73,63,,Normal,0,0,0,0,0,0,1,0,1
V009,16/10/2025,02:00:00,Engine,ME1,650,3.9,80,65,365,Normal,0,0,0,0,0,0,0,0,0
V009,16/10/2025,02:00:00,Engine,ME2,650,3.8,79,64,365,Normal,0,0,0,0,0,0,0,0,0
V009,16/10/2025,00:00:00,Generator,GEN2,1540,3.9,70.5,60,,Normal,0,0,0,0,0,0,1,0,1
V009,16/10/2025,02:30:00,Engine,ME1,900,4.1,81,67,370,Normal,0,0,0,0,0,0,0,0,0
V009,16/10/2025,02:30:00,Engine,ME2,910,4.2,82,68,370,Normal,0,0,0,0,0,0,0,0,0
V009,16/10/2025,00:30:00,Generator,GEN2,1530,3.8,70,59.5,,Normal,0,0,1,0,0,1,1,0,1
V009,16/10/2025,03:00:00,Engine,ME1,1200,4.4,84,69,375,Normal,0,0,0,0,0,0,0,0,0
V009,16/10/2025,03:00:00,Engine,ME2,1200,4.5,85,69,375,Normal,0,0,0,0,0,0,0,0,0
V009,16/10/2025,01:00:00,Generator,GEN2,1520,3.6,69,59,,Normal,0,0,1,0,0,1,1,0,1
V009,16/10/2025,03:30:00,Engine,ME1,1400,5,88,72,377,Normal,0,0,0,0,0,0,0,0,0
V009,16/10/2025,03:30:00,Engine,ME2,1410,5.1,89,73,378,Normal,0,0,0,0,0,0,0,0,0
V009,16/10/2025,01:30:00,Generator,GEN2,1540,6.5,100,85,,Fault,0,0,0,0,0,0,1,1,1
V009,16/10/2025,04:00:00,Engine,ME1,1600,5.74,93,73,380,Normal,0,0,0,0,0,0,0,0,0
V009,16/10/2025,04:00:00,Engine,ME2,1600,5.6,94.1,76,380,Normal,0,0,0,0,0,0,0,0,0
V009,16/10/2025,02:00:00,Generator,GEN2,1500,3.8,70,60,,Normal,0,0,0,0,0,0,1,0,1
V009,16/10/2025,04:30:00,Engine,ME1,1600,6.5,100,85,400,Fault,0,0,0,0,0,0,0,1,0
V009,16/10/2025,04:30:00,Engine,ME2,1550,5.3,93,73,378,Normal,0,0,0,0,0,0,0,0,0
V009,16/10/2025,02:30:00,Generator,GEN2,1510,3.8,71,60,,Normal,0,0,0,0,0,0,1,0,1
V009,16/10/2025,05:00:00,Engine,ME1,1300,4.4,80,71,370,Normal,0,0,0,0,0,0,0,0,0
V009,16/10/2025,05:00:00,Engine,ME2,1320,4.7,89,70,370,Normal,0,0,0,0,0,0,0,0,0
V009,16/10/2025,03:00:00,Generator,GEN2,1520,3.9,72,61,,Normal,0,0,0,0,0,0,1,0,1
V009,16/10/2025,05:30:00,Engine,ME1,1000,4.2,78,70,368,Normal,0,0,0,0,0,0,0,0,0
V009,16/10/2025,05:30:00,Engine,ME2,1000,4.3,83,72,370,Normal,0,0,0,0,0,0,0,0,0
V009,16/10/2025,03:30:00,Generator,GEN2,1530,4,72,62,,Normal,0,0,0,0,0,0,1,0,1
V009,16/10/2025,06:00:00,Engine,ME1,800,4,77,68,367,Normal,0,0,0,0,0,0,0,0,0
V009,16/10/2025,06:00:00,Engine,ME2,800,4.1,78,71,368,Normal,0,0,0,0,0,0,0,0,0
V009,16/10/2025,04:00:00,Generator,GEN2,1540,4.1,73,63,,Normal,0,0,0,0,0,0,1,0,1
V009,16/10/2025,06:30:00,Engine,ME1,650,3.9,76,66,360,Normal,0,0,0,0,0,0,0,0,0
V009,16/10/2025,06:30:00,Engine,ME2,650,4,77,70,366,Normal,0,0,0,0,0,0,0,0,0
V009,16/10/2025,04:30:00,Generator,GEN2,1500,4,72,62,,Normal,0,0,0,0,0,0,1,0,1
V010,18/10/2025,08:00:00,Engine,ME1,650,3.9,75,66,360,Normal,0,0,0,0,0,0,0,0,0
V010,18/10/2025,08:00:00,Engine,ME2,660,4,75,65,360,Normal,0,0,0,0,0,0,0,0,0
V010,18/10/2025,05:00:00,Generator,GEN2,1540,3.5,72,62.5,,Normal,0,0,0,0,0,0,1,0,1
V010,18/10/2025,08:30:00,Engine,ME1,900,4.2,77,68,366,Normal,0,0,0,0,0,0,0,0,0
V010,18/10/2025,08:30:00,Engine,ME2,850,4.1,77,67,365,Normal,0,0,0,0,0,0,0,0,0
V010,18/10/2025,05:30:00,Generator,GEN2,1520,3.2,70,61,,Normal,0,0,0,0,0,0,1,0,1
V010,18/10/2025,09:00:00,Engine,ME1,1300,5,81,68,370,Normal,0,0,0,0,0,0,0,0,0
V010,18/10/2025,09:00:00,Engine,ME2,1310,5.1,81,68,371,Normal,0,0,0,0,0,0,0,0,0
V010,18/10/2025,06:00:00,Generator,GEN2,1500,3.1,69,60,,Normal,0,0,0,0,0,0,1,0,1
V010,18/10/2025,09:30:00,Engine,ME1,1600,5.9,92.1,74,377,Normal,0,0,0,0,0,0,0,0,0
V010,18/10/2025,09:30:00,Engine,ME2,1610,5.78,92.3,72,377,Normal,0,0,0,0,0,0,0,0,0
V010,18/10/2025,06:30:00,Generator,GEN2,1540,6.5,100,85,,Fault,0,0,0,0,0,0,1,1,1
V010,18/10/2025,10:00:00,Engine,ME1,1550,5.5,91,72,376,Normal,0,0,0,0,0,0,0,0,0
V010,18/10/2025,10:00:00,Engine,ME2,1600,5.6,91.5,72,376,Normal,0,0,0,0,0,0,0,0,0
V010,18/10/2025,07:00:00,Generator,GEN2,1500,3.5,70,60,,Normal,0,0,0,0,0,0,1,0,1
V010,18/10/2025,10:30:00,Engine,ME1,1500,5.4,90,71,375,Normal,0,0,0,0,0,0,0,0,0
V010,18/10/2025,10:30:00,Engine,ME2,1550,5.4,90,71,375,Normal,0,0,0,0,0,0,0,0,0
V010,18/10/2025,07:30:00,Generator,GEN2,1510,3.7,71,62,,Normal,0,0,0,0,0,0,1,0,1
V010,18/10/2025,11:00:00,Engine,ME1,1510,5.3,89,70,374,Normal,0,0,0,0,0,0,0,0,0
V010,18/10/2025,11:00:00,Engine,ME2,1540,5.2,88,70,374,Normal,0,0,0,0,0,0,0,0,0
V010,18/10/2025,08:00:00,Generator,GEN2,1500,3.7,70,62,,Normal,0,0,0,0,0,0,1,0,1
V010,18/10/2025,11:30:00,Engine,ME1,1550,5.5,90,71,375,Normal,0,0,0,0,0,0,0,0,0
V010,18/10/2025,11:30:00,Engine,ME2,1560,5.4,90,71,375,Normal,0,0,0,0,0,0,0,0,0
V010,18/10/2025,08:30:00,Generator,GEN2,1520,3.6,71,63,,Normal,0,0,0,0,0,0,1,0,1
V010,18/10/2025,12:00:00,Engine,ME1,1600,6.5,100,85,400,Fault,0,0,0,0,0,0,0,1,0
V010,18/10/2025,12:00:00,Engine,ME2,1570,5.7,91,72,376,Normal,0,0,0,0,0,0,0,0,0
V010,18/10/2025,09:00:00,Generator,GEN2,1530,3.5,73,65,,Normal,0,0,0,0,0,0,1,0,1
V010,18/10/2025,12:30:00,Engine,ME1,1550,5.2,90,71,375,Normal,0,0,0,0,0,0,0,0,0
V010,18/10/2025,12:30:00,Engine,ME2,1600,6.5,100,85,400,Fault,0,0,0,0,0,0,0,1,0
V010,18/10/2025,09:30:00,Generator,GEN2,1540,3.9,74,66,,Normal,0,0,0,0,0,0,1,0,1
V010,18/10/2025,13:00:00,Engine,ME1,1500,5.1,88,70,374,Normal,0,0,0,0,0,0,0,0,0
V010,18/10/2025,13:00:00,Engine,ME2,1550,5.5,92,73,374,Normal,0,0,0,0,0,0,0,0,0
V010,18/10/2025,10:00:00,Generator,GEN2,1500,3.5,72,65,,Normal,0,0,0,0,0,0,1,0,1
V010,18/10/2025,13:30:00,Engine,ME1,1530,5.2,89,71,375,Normal,0,0,0,0,0,0,0,0,0
V010,18/10/2025,13:30:00,Engine,ME2,1540,5.4,90,72,373,Normal,0,0,0,0,0,0,0,0,0
V010,18/10/2025,10:30:00,Generator,GEN2,1520,3.6,73,67,,Normal,0,0,0,0,0,0,1,0,1
V010,18/10/2025,14:00:00,Engine,ME1,1300,4.9,76,68,372,Normal,0,0,0,0,0,0,0,0,0
V010,18/10/2925,14:00:00,Engine,ME2,1300,5,76,69,373,Normal,0,0,0,0,0,0,0,0,0
V010,18/10/2025,11:00:00,Generator,GEN2,1530,3.7,73.5,68,,Normal,0,0,0,0,0,0,1,0,1
V010,18/10/2025,14:30:00,Engine,ME1,1000,4.4,73,65,369,Normal,0,0,0,0,0,0,0,0,0
V010,18/10/2025,14:30:00,Engine,ME2,1010,4.42,73.5,66,368,Normal,0,0,0,0,0,0,0,0,0
V010,18/10/2025,11:30:00,Generator,GEN2,1540,3.8,74,69,,Normal,0,0,0,0,0,0,1,0,1
V010,18/10/2025,15:00:00,Engine,ME1,800,4,71,65,363,Normal,0,0,0,0,0,0,0,0,0
V010,18/10/2025,15:00:00,Engine,ME2,800,4.1,71,65.5,363,Normal,0,0,0,0,0,0,0,0,0
V010,18/10/2025,12:00:00,Generator,GEN2,1545,3.8,74,69,,Normal,0,0,0,0,0,0,1,0,1
V010,18/10/2025,15:30:00,Engine,ME1,650,3.9,70,65,360,Normal,0,0,0,0,0,0,0,0,0
V010,18/10/2025,15:30:00,Engine,ME2,650,4,70,65,360,Normal,0,0,0,0,0,0,0,0,0
V010,18/10/2025,13:30:00,Generator,GEN2,1550,3.9,75,70,,Normal,0,0,0,0,0,0,1,0,1
V011,19/10/2025,06:50:00,Engine,ME1,660,3.8,74,69,359,Normal,0,0,0,0,0,0,0,0,0
V011,19/10/2025,06:50:00,Engine,ME2,650,3.8,74,68,358,Normal,0,0,0,0,0,0,0,0,0
V011,19/10/2025,05:00:00,Generator,GEN2,1540,3.5,72.5,64.5,,Normal,0,0,0,0,0,0,1,0,1
V011,19/10/2025,07:20:00,Engine,ME1,800,4.1,75,70,360,Normal,0,0,0,0,0,0,0,0,0
V011,19/10/2025,07:20:00,Engine,ME2,810,4.1,76,70,360,Normal,0,0,0,0,0,0,0,0,0
V011,19/10/2025,05:30:00,Generator,GEN2,1530,3.4,72,64,,Normal,0,0,0,0,0,0,1,0,1
V011,19/10/2025,07:50:00,Engine,ME1,1000,4.4,77,72,364,Normal,0,0,0,0,0,0,0,0,0
V011,19/10/2025,07:50:00,Engine,ME2,1000,4.4,78,72,365,Normal,0,0,0,0,0,0,0,0,0
V011,19/10/2025,06:00:00,Generator,GEN2,1500,3.3,71,63,,Normal,0,0,0,0,0,0,1,0,1
V011,19/10/2025,08:20:00,Engine,ME1,1200,5,85,73,370,Normal,0,0,0,0,0,0,0,0,0
V011,19/10/2025,08:20:00,Engine,ME2,1200,5,86,74,370,Normal,0,0,0,0,0,0,0,0,0
V011,19/10/2025,06:30:00,Generator,GEN2,1510,3.4,72,63,,Normal,0,0,0,0,0,0,1,0,1
V011,19/10/2025,08:50:00,Engine,ME1,1600,5.96,92.8,75,375,Normal,0,0,0,0,0,0,0,0,0
V011,19/10/2025,08:50:00,Engine,ME2,1610,5.8,92.9,73,376,Normal,0,0,0,0,0,0,0,0,0
V011,19/10/2025,07:00:00,Generator,GEN2,1520,3.5,73,64,,Normal,0,0,0,0,0,0,1,0,1
V011,19/10/2025,09:20:00,Engine,ME1,1610,6.5,100,85,400,Fault,0,0,0,0,0,0,0,1,0
V011,19/10/2025,09:20:00,Engine,ME2,1500,5.5,91,72,375,Normal,0,0,0,0,0,0,0,0,0
V011,19/10/2025,07:30:00,Generator,GEN2,1530,3.6,74,65,,Normal,0,0,0,0,0,0,1,0,1
V011,19.10/2025,09:50:00,Engine,ME1,1550,5.3,91,71,379,Normal,0,0,0,0,0,0,0,0,0
V011,19/10/2025,09:50:00,Engine,ME2,1510,5.6,92,71,379,Normal,0,0,0,0,0,0,0,0,0
V011,19/10/2025,08:00:00,Generator,GEN2,1540,6.5,100,85,,Fault,0,0,0,0,0,0,1,1,1
V011,19/10/2025,10:20:00,Engine,ME1,1560,5.4,91.5,72,379,Normal,0,0,0,0,0,0,0,0,0
V011,19/10/2025,10:20:00,Engine,ME2,1520,5.6,92,72,379,Normal,0,0,0,0,0,0,0,0,0
V011,19/10/2025,08:30:00,Generator,GEN2,1540,6.5,100,85,,Fault,0,0,0,0,0,0,1,1,1
V011,19/10/2025,10:50:00,Engine,ME1,1540,5.2,90,71,377,Normal,0,0,0,0,0,0,0,0,0
V011,19/10/2025,10:50:00,Engine,ME2,1600,6.5,100,85,400,Fault,0,0,0,0,0,0,0,1,0
V011,19/10/2025,09:00:00,Generator,GEN2,1500,3.8,72,60,,Normal,0,0,0,0,0,0,1,0,1
V011,19/10/2025,11:20:00,Engine,ME1,1560,5.4,91,72,379,Normal,0,0,0,0,0,0,0,0,0
V011,19/10/2025,11:20:00,Engine,ME2,1500,5.2,88,69,375,Normal,0,0,0,0,0,0,0,0,0
V011,19/10/2025,09:30:00,Generator,GEN2,1510,3.81,72,60,,Normal,0,0,0,0,0,0,1,0,1
V011,19/10/2025,11:50:00,Engine,ME1,1570,5.41,91,72.3,379,Normal,0,0,0,0,0,0,0,0,0
V011,19/10/2025,11:50:00,Engine,ME2,1520,5.3,89,70,376,Normal,0,0,0,0,0,0,0,0,0
V011,19/10/2025,10:30:00,Generator,GEN2,1530,3.85,73,61,,Normal,0,0,0,0,0,0,1,0,1
V011,19/10/2025,12:20:00,Engine,ME,1400,5,89,71,375,Normal,0,0,0,0,0,0,0,0,0
V011,19/10/2025,12:20:00,Engine,ME2,1410,5.1,87,70,374,Normal,0,0,0,0,0,0,0,0,0
V011,19/10/2025,11:00:00,Generator,GEN2,1540,6.5,100,85,,Fault,0,0,0,0,0,0,1,1,1
V011,19/10/2025,12:50:00,Engine,ME1,1200,4.8,86,70,375,Normal,0,0,0,0,0,0,0,0,0
V011,19/10/2025,12:50:00,Engine,ME2,1210,4.9,85,70,374,Normal,0,0,0,0,0,0,0,0,0
V011,19/10/2025,11:30:00,Generator,GEN2,1530,3.6,70,61,,Normal,0,0,0,0,0,0,1,0,1
V011,19/20/2025,13:20:00,Engine,ME1,1000,4.5,84,69,374,Normal,0,0,0,0,0,0,0,0,0
V011,19/10/2025,13:20:00,Engine,ME2,1000,4.6,83,68,375,Normal,0,0,0,0,0,0,0,0,0
V011,19/10/2025,12:00:00,Generator,GEN2,1520,3.4,69,60,,Normal,0,0,0,0,0,0,1,0,1
V011,19/10/2025,13:50:00,Engine,ME1,800,4.1,83,68,370,Normal,0,0,0,0,0,0,0,0,0
V011,19/10/2025,13:50:00,Engine,ME2,800,4.14,82,67,370,Normal,0,0,0,0,0,0,0,0,0
V011,19/10/2025,12:30:00,Generator,GEN2,1530,3.5,70,61,,Normal,0,0,0,0,0,0,1,0,1
V011,19/10/2025,14:20:00,Engine,ME1,700,4,81,67,370,Normal,0,0,0,0,0,0,0,0,0
V011,19/10/2025,14:20:00,Engine,ME2,720,4,80,67,370,Normal,0,0,0,0,0,0,0,0,0
V011,19/10/2025,13:00:00,Generator,GEN1,1540,3.9,71,61.5,,Normal,0,0,0,0,0,0,1,0,1
V011,19/10/2025,14:50:00,Engine,ME1,650,3.9,80,66,366,Normal,0,0,0,0,0,0,0,0,0
V011,19/10/2025,14:50:00,Engine,ME2,650,3.9,79,65,365,Normal,0,0,0,0,0,0,0,0,0
V011,19/10/2025,13:30:00,Generator,GEN2,1550,4,72,62,,Normal,0,0,0,0,0,0,1,0,1
V011,19/10/2025,15:20:00,Engine,ME1,640,3.8,79,65,360,Normal,0,0,0,0,0,0,0,0,0
V011,19/10/2025,15:20:00,Engine,ME2,650,3.9,80,65,361,Normal,0,0,0,0,0,0,0,0,0
V011,19/10/2025,14:00:00,Generator,GEN2,1540,3.8,71,62,,Normal,0,0,0,0,0,0,1,0,1
V012,21/10/2025,06:50:00,Engine,ME1,650,3.8,78,64.5,357,Normal,0,0,0,0,0,0,0,0,0
V012,21/10/2025,06:50:00,Engine,ME2,660,3.9,79,65,358,Normal,0,0,0,0,0,0,0,0,0
V012,21/10/2025,05:00:00,Generator,GEN2,1540,4.5,94.5,64.3,,Normal,0,0,0,0,0,0,1,0,1
V012,21/10/2025,07:20:00,Engine,ME1,800,4,80,67,360,Normal,0,0,0,0,0,0,0,0,0
V012,21/10/2025,07:20:00,Engine,ME2,810,4.1,80,67,360,Normal,0,0,0,0,0,0,0,0,0
V012,21/10/2025,05:30:00,Generator,GEN2,1530,4.3,94,64,,Normal,0,0,0,0,0,0,1,0,1
V012,21/10/2025,07:50:00,Engine,ME1,1000,4.3,83,69,364,Normal,0,0,0,0,0,0,0,0,0
V012,21/10/2025,07:50:00,Engine,ME2,1012,4.3,83,70,365,Normal,0,0,0,0,0,0,0,0,0
V012,21/10/2025,06:00:00,Generator,GEN2,1520,4.2,93,63,,Normal,0,0,0,0,0,0,1,0,1
V012,21/10/2025,08:20:00,Engine,ME1,1200,4.5,85,70,367,Normal,0,0,0,0,0,0,0,0,0
V012,21/10/2025,08:20:00,Engine,ME2,1200,4.5,86,71,368,Normal,0,0,0,0,0,0,0,0,0
V012,21/10/2025,06:30:00,Generator,GEN2,1510,4.1,92,62,,Normal,0,0,0,0,0,0,1,0,1
V012,21/10/2025,08:50:00,Engine,ME1,1400,5,88,72,370,Normal,0,0,0,0,0,0,0,0,0
V012,21/10/2025,08:50:00,Engine,ME2,1400,5.1,89,72.5,370,Normal,0,0,0,0,0,0,0,0,0
V012,21/10/2025,07:00:00,Generator,GEN2,1500,4,91,61.5,,Normal,0,0,0,0,0,0,1,0,1
V012,21/10/2025,09:20:00,Engine,ME1,1600,5.74,94.2,74,380,Normal,0,0,0,0,0,0,0,0,0
V012,21/10/2025,09:20:00,Engine,ME2,1610,5.7,92.8,73,380,Normal,0,0,0,0,0,0,0,0,0
V012,21/10/2025,07:30:00,Generator,GEN2,1510,4.1,92,62,,Normal,0,0,0,0,0,0,1,0,1
V012,21/10/2025,09:50:00,Engine,ME1,1600,6.5,100,85,400,Fault,0,0,0,0,0,0,0,1,0
V012,21/10/2025,09:50:00,Engine,ME2,1590,5.6,92,72,378,Normal,0,0,0,0,0,0,0,0,0
V012,21/10/2025,08:00:00,Generator,GEN2,1520,4.2,92.5,62.7,,Normal,0,0,0,0,0,0,1,0,1
V012,21/10/2025,10:20:00,Engine,ME1,1570,5.5,92,71,378,Normal,0,0,0,0,0,0,0,0,0
V012,21/10/2025,10:20:00,Engine,ME2,1600,6.5,100,85,400,Fault,0,0,0,0,0,0,0,1,0
V012,21/10/2025,08:30:00,Generator,GEN2,1510,4.1,92,62,,Normal,0,0,0,0,0,0,1,0,1
V012,21/10/2025,10:50:00,Engine,ME1,1560,5.4,91.6,71,377,Normal,0,0,0,0,0,0,0,0,0
V012,21/10/2025,10:50:00,Engine,ME2,1580,5.6,92,72,379,Normal,0,0,0,0,0,0,0,0,0
V012,21/10/2025,09:00:00,Generator,GEN2,1540,6.5,100,85,,Fault,0,0,0,0,0,0,1,1,1
V012,21/10/2025,11:20:00,Engine,ME1,1500,5.2,90,70,375,Normal,0,0,0,0,0,0,0,0,0
V012,21/10/2025,11:20:00,Engine,ME2,1560,5.5,91,71,378,Normal,0,0,0,0,0,0,0,0,0
V012,21/10/2025,09:30:00,Generator,GEN2,1520,4,92,62,,Normal,0,0,0,0,0,0,1,0,1
V012,21/10/2025,11:50:00,Engine,ME1,1520,5.3,91,71,376,Normal,0,0,0,0,0,0,0,0,0
V012,21/10/2025,11:50:00,Engine,ME2,1570,5.5,92,72,379,Normal,0,0,0,0,0,0,0,0,0
V012,21/10/2025,10:00:00,Generator,GEN2,1530,4.1,92.5,63,,Normal,0,0,0,0,0,0,1,0,1
V012,21/10/2025,12:20:00,Engine,ME1,1300,5,90,70,373,Normal,0,0,0,0,0,0,0,0,0
V012,21/10/2025,12:20:00,Engine,ME2,1320,5.2,91,71,375,Normal,0,0,0,0,0,0,0,0,0
V012,21/10/2025,10:30:00,Generator,GEN2,1520,4,92,62,,Normal,0,0,0,0,0,0,1,0,1
V012,21/10/2025,12:50:00,Engine,ME1,1000,4.6,89,69,371,Normal,0,0,0,0,0,0,0,0,0
V012,21/10/2025,12:50:00,Engine,ME2,1000,4.5,88,68,370,Normal,0,0,0,0,0,0,0,0,0
V012,21/10/2025,11:00:00,Generator,GEN2,1510,4,91,62,,Normal,0,0,0,0,0,0,1,0,1
V012,21/10/2025,13:20:00,Engine,ME1,800,4.3,87,67,368,Normal,0,0,0,0,0,0,0,0,0
V012,21/10/2025,13:20:00,Engine,ME2,800,4.2,87,67,367,Normal,0,0,0,0,0,0,0,0,0
V012,21/10/2025,11:30:00,Generator,GEN2,1530,4.2,92,63,,Normal,0,0,0,0,0,0,1,0,1
V012,21/10/2025,13:50:00,Engine,ME1,800,4.2,86,66,367,Normal,0,0,0,0,0,0,0,0,0
V012,21/10/2025,13:50:00,Engine,ME2,800,4.1,86,66,367,Normal,0,0,0,0,0,0,0,0,0
V012,21/10/2025,12:00:00,Generator,GEN2,1540,4.5,93,64,,Normal,0,0,0,0,0,0,1,0,1
V012,21/10/2025,14:20:00,Engine,ME1,660,3.9,85,65.5,366,Normal,0,0,0,0,0,0,0,0,0
V012,21/10/2025,14:20:00,Engine,ME2,650,3.9,84,65,366,Normal,0,0,0,0,0,0,0,0,0
V012,21/10/2025,12:30:00,Generator,GEN2,1530,4.4,92,63,,Normal,0,0,0,0,0,0,1,0,1
V012,21/10/2025,14:50:00,Engine,ME1,650,3.8,84,65,365,Normal,0,0,0,0,0,0,0,0,0
V012,21/10/2025,14:50:00,Engine,ME2,640,3.8,84,65,365,Normal,0,0,0,0,0,0,0,0,0
V012,21/10/2025,13:00:00,Generator,GEN2,1540,4.6,93,64,,Normal,0,0,0,0,0,0,1,0,1
V013,22/10/2025,07:30:00,Engine,ME1,650,3.9,85,65,365,Normal,0,0,0,0,0,0,0,0,0
V013,22/10/2025,07:30:00,Engine,ME2,660,3.9,86,66,366,Normal,0,0,0,0,0,0,0,0,0
V013,22/10/2025,05:00:00,Generator,GEN1,1540,4,72.7,67.2,,Normal,0,0,0,0,0,0,1,0,1
V013,22/10/2025,08:00:00,Engine,ME1,800,4.3,87,67,367,Normal,0,0,0,0,0,0,0,0,0
V013,22/10/2025,08:00:00,Engine,ME2,800,4.3,88,66.5,367,Normal,0,0,0,0,0,0,0,0,0
V013,22/10/2025,05:30:00,Generator,GEN1,1530,3.9,72,67,,Normal,0,0,0,0,0,0,1,0,1
V013,22/10/2025,08:30:00,Engine,ME1,1000,4.6,88,68,369,Normal,0,0,0,0,0,0,0,0,0
V013,22/10/2025,08:30:00,Engine,ME2,1010,4.54,89,68,369,Normal,0,0,0,0,0,0,0,0,0
V013,22/10/2025,06:00:00,Generator,GEN1,1520,3.8,71,66,,Normal,0,0,0,0,0,0,1,0,1
V013,22/10/2025,09:00:00,Engine,ME1,1200,4.8,90,69,370,Normal,0,0,0,0,0,0,0,0,0
V013,22/10/2025,09:00:00,Engine,ME2,1200,4.9,90,69.5,370,Normal,0,0,0,0,0,0,0,0,0
V013,22/10/2025,06:30:00,Generator,GEN1,1540,6.5,100,85,,Fault,0,0,0,0,0,0,1,1,1
V013,22/10/2025,09:30:00,Engine,ME1,1400,5.4,91,70,375,Normal,0,0,0,0,0,0,0,0,0
V013,22/10/2025,09:30:00,Engine,ME2,1400,5.5,90,70,375,Normal,0,0,0,0,0,0,0,0,0
V013,22/10/2025,07:00:00,Generator,GEN1,1520,4.1,89,70,,Normal,0,0,0,0,0,0,1,0,1
V013,22/10/2025,10:00:00,Engine,ME1,1600,5.8,90.8,74,378,Normal,0,0,0,0,0,0,0,0,0
V013,22/10/2025,10:00:00,Engine,ME2,1600,5.7,91.7,72,378,Normal,0,0,0,0,0,0,0,0,0
V013,22/10/2025,07:30:00,Generator,GEN1,1510,4,88,69,,Normal,0,0,0,0,0,0,1,0,1
V013,22/10/2025,10:30:00,Engine,ME1,1600,6.5,100,85,400,Fault,0,0,0,0,0,0,0,1,0
V013,22/10/2025,10:30:00,Engine,ME2,1550,5.4,90,71,375,Normal,0,0,0,0,0,0,0,0,0
V013,22/10/2025,08:00:00,Generator,GEN1,1520,4.1,89,70,,Normal,0,0,0,0,0,0,1,0,1
V013,22/10/2025,11:00:00,Engine,ME1,1500,5.1,88,70,370,Normal,0,0,0,0,0,0,0,0,0
V013,22/10/2025,11:00:00,Engine,ME2,1540,5.3,89,70,372,Normal,0,0,0,0,0,0,0,0,0
V013,22/10/2025,08:30:00,Generator,GEN1,1530,4.2,90,70,,Normal,0,0,0,0,0,0,1,0,1
V013,22/10/2025,11:30:00,Engine,ME1,1510,5.14,89,71,372,Normal,0,0,0,0,0,0,0,0,0
V013,22/10/2025,11:30:00,Engine,ME2,1600,6.5,100,85,400,Fault,0,0,0,0,0,0,0,1,0
V013,22/10/2025,09:00:00,Generator,GEN1,1540,4.5,91,71,,Normal,0,0,0,0,0,0,1,0,1
V013,22/10/2025,12:00:00,Engine,ME1,1500,5,88,70,374,Normal,0,0,0,0,0,0,0,0,0
V013,22/10/2025,12:00:00,Engine,ME2,1550,5.5,91,72,375,Normal,0,0,0,0,0,0,0,0,0
V013,22/10/2025,09:30:00,Generator,GEN1,1520,4.2,89,70,,Normal,0,0,0,0,0,0,1,0,1
V013,22/10/2025,12:30:00,Engine,ME1,1600,6.5,100,85,400,Fault,0,0,0,0,0,0,0,1,0
V013,22/10/2025,12:30:00,Engine,ME2,1530,5.3,90,71,374,Normal,0,0,0,0,0,0,0,0,0
V013,22/10/2025,10:00:00,Generator,GEN1,1510,4.1,88,69,,Normal,0,0,0,0,0,0,1,0,1
V013,22/10/2025,13:00:00,Engine,ME1,1400,5,88,70,375,Normal,0,0,0,0,0,0,0,0,0
V013,22/10/2025,13:00:00,Engine,ME2,1400,5.1,89,70,375,Normal,0,0,0,0,0,0,0,0,0
V013,22/10/2025,10:30:00,Generator,GEN1,1520,4.1,89,70,,Normal,0,0,0,0,0,0,1,0,1
V013,22/10/2025,13:30:00,Engine,ME1,1200,4.8,86,68,373,Normal,0,0,0,0,0,0,0,0,0
V013,22/10/2025,13:30:00,Engine,ME2,1200,4.7,87,68,374,Normal,0,0,0,0,0,0,0,0,0
V013,22/10/2025,11:00:00,Generator,GEN1,1520,4.2,90,71,,Normal,0,0,0,0,0,0,1,0,1
V013,22/10/2025,14:00:00,Engine,ME1,1000,4.6,85,67,371,Normal,0,0,0,0,0,0,0,0,0
V013,22/10/2025,14:00:00,Engine,ME2,1000,4.5,85,67,371,Normal,0,0,0,0,0,0,0,0,0
V013,22/10/2025,11:30:00,Generator,GEN1,1530,4.3,91,72,,Normal,0,0,0,0,0,0,1,0,1
V013,22/10/2025,14:30:00,Engine,ME1,800,4.1,83,66,370,Normal,0,0,0,0,0,0,0,0,0
V013,22/10/2025,14:30:00,Engine,ME2,800,4,81,66,366,Normal,0,0,0,0,0,0,0,0,0
V013,22/10/2025,12:00:00,Generator,GEN1,1540,4.4,92,72.5,,Normal,0,0,0,0,0,0,1,0,1
V013,22/10/2025,15:00:00,Engine,ME1,650,4,80,65,365,Normal,0,0,0,0,0,0,0,0,0
V013,22/10/2025,15:00:00,Engine,ME2,650,4,80,65,365,Normal,0,0,0,0,0,0,0,0,0
V013,22/10/2025,12:30:00,Generator,GEN1,1540,4.5,92,73,,Normal,0,0,0,0,0,0,1,0,1
V014,25/10/2025,06:50:00,Engine,ME1,650,3.9,80,65,365,Normal,0,0,0,0,0,0,0,0,0
V014,25/10/2025,06:50:00,Engine,ME2,650,4,80,65,365,Normal,0,0,0,0,0,0,0,0,0
V014,25/10/2025,06:00:00,Generator,GEN1,1540,4.3,72.5,63.5,,Normal,0,0,0,0,0,0,1,0,1
V014,25/10/2025,07:20:00,Engine,ME1,800,4.3,83,68,367,Normal,0,0,0,0,0,0,0,0,0
V014,25/10/2025,07:20:00,Engine,ME2,800,4.3,82,67,366,Normal,0,0,0,0,0,0,0,0,0
V014,25/10/2025,06:30:00,Generator,GEN1,1540,6.5,100,85,,Fault,0,0,0,0,0,0,1,1,1
V014,25/10/2025,07:50:00,Engine,ME1,1000,4.5,85,69,370,Normal,0,0,0,0,0,0,0,0,0
V014,25/10/2025,07:50:00,Engine,ME2,1000,4.45,85,70,370,Normal,0,0,0,0,0,0,0,0,0
V014,25/10/2025,07:00:00,Generator,GEN1,1520,4.2,70,62,,Normal,0,0,0,0,0,0,1,0,1
V014,25/10/2025,08:20:00,Engine,ME1,1200,4.8,88,71,374,Normal,0,0,0,0,0,0,0,0,0
V014,25/10/2025,08:20:00,Engine,ME2,1200,4.9,89,70.6,375,Normal,0,0,0,0,0,0,0,0,0
V014,25/10/2025,07:30:00,Generator,GEN1,1530,4.3,71,62.5,,Normal,0,0,0,0,0,0,1,0,1
V014,25/102025,08:50:00,Engine,ME1,1400,5.6,90,72,378,Normal,0,0,0,0,0,0,0,0,0
V014,25/10/2025,08:50:00,Engine,ME2,1410,5.4,90,71,377,Normal,0,0,0,0,0,0,0,0,0
V014,25/10/2025,08:00:00,Generator,GEN1,1520,4.2,70,62,,Normal,0,0,0,0,0,0,1,0,1
V014,25/10/2025,09:20:00,Engine,ME1,1600,6.13,91.5,74,380,Normal,0,0,0,0,0,0,0,0,0
V014,25/10/2025,09:20:00,Engine,ME2,1600,5.88,92.2,73,380,Normal,0,0,0,0,0,0,0,0,0
V014,25/10/2025,08:30:00,Generator,GEN1,1510,4.1,70,61,,Normal,0,0,0,0,0,0,1,0,1
V014,25/10/2025,09:50:00,Engine,ME1,1600,6.5,100,85,400,Fault,0,0,0,0,0,0,0,1,0
V014,25/10/2025,09:50:00,Engine,ME2,1590,5.6,91,72,378,Normal,0,0,0,0,0,0,0,0,0
V014,25/10/2025,09:00:00,Generator,GEN1,1530,4.3,72,63,,Normal,0,0,0,0,0,0,1,0,1
V014,25/10/2025,10:20:00,Engine,ME1,1590,6.1,91,72,377,Normal,0,0,0,0,0,0,0,0,0
V014,25/10/2025,10:20:00,Engine,ME2,1600,6.5,100,85,400,Fault,0,0,0,0,0,0,0,1,0
V014,25/10/20265,09:30:00,Generator,GEN1,1540,6.5,100,85,,Fault,0,0,0,0,0,0,1,1,1
V014,25/10/2025,10:50:00,Engine,ME1,1550,5.8,89,70,375,Normal,0,0,0,0,0,0,0,0,0
V014,25/10/2025,10:50:00,Engine,ME2,1580,5.4,91.5,71,378,Normal,0,0,0,0,0,0,0,0,0
V014,25/10/2025,10:00:00,Generator,GEN1,1530,4.2,72,63,,Normal,0,0,0,0,0,0,1,0,1
V014,25/10/2025,11:20:00,Engine,ME1,1530,5.6,86,69,374,Normal,0,0,0,0,0,0,0,0,0
V014,25/10/2025,11:20:00,Engine,ME2,1560,5.5,89,71.5,378,Normal,0,0,0,0,0,0,0,0,0
V014,25/10/2025,10:30:00,Generator,GEN1,1520,4.1,71,62.5,,Normal,0,0,0,0,0,0,1,0,1
V014,25/10/2025,11:50:00,Engine,ME1,1500,5.2,85,68.5,373,Normal,0,0,0,0,0,0,0,0,0
V014,25/10/2025,11:50:00,Engine,ME2,1540,5.4,86,71,376,Normal,0,0,0,0,0,0,0,0,0
V014,25/10/2025,11:00:00,Generator,GEN1,1510,4,70,62,,Normal,0,0,0,0,0,0,1,0,1
V014,25/10/2025,12:20:00,Engine,ME1,1300,5,83,67,370,Normal,0,0,0,0,0,0,0,0,0
V014,25/10/2025,12:20:00,Engine,ME2,1300,5.1,82,70,374,Normal,0,0,0,0,0,0,0,0,0
V014,25/10/2025,11:30:00,Generator,GEN1,1500,3.9,69,61,,Normal,0,0,0,0,0,0,1,0,1
V014,25/10/2025,12:50:00,Engine,ME1,1100,4.9,81,66,368,Normal,0,0,0,0,0,0,0,0,0
V014,25/10/2025,12:50:00,Engine,ME2,1100,5,80,69,370,Normal,0,0,0,0,0,0,0,0,0
V014,25/10/2025,12:00:00,Generator,GEN1,1520,4.1,70,62,,Normal,0,0,0,0,0,0,1,0,1
V014,25/10/2025,13:20:00,Engine,ME1,900,4.7,80,65.5,367,Normal,0,0,0,0,0,0,0,0,0
V014,25/10/2025,13:20:00,Engine,ME2,900,4.8,79,67,368,Normal,0,0,0,0,0,0,0,0,0
V014,25/10/2025,12:30:00,Generator,GEN1,1530,4.2,71,63,,Normal,0,0,0,0,0,0,1,0,1
V014,25/10/2025,13:50:00,Engine,ME1,650,4.5,78,65,366,Normal,0,0,0,0,0,0,0,0,0
V014,25/10/2025,13:50:00,Engine,ME2,650,4.6,78,66,367,Normal,0,0,0,0,0,0,0,0,0
V014,25/10/2025,13:00:00,Generator,GEN1,1540,4.4,72,63.5,,Normal,0,0,0,0,0,0,1,0,1
V014,25/10/2025,14:20:00,Engine,ME1,650,4,77,64,365,Normal,0,0,0,0,0,0,0,0,0
V014,25/10/2025,14:20:00,Engine,ME2,650,4.1,77,64,365,Normal,0,0,0,0,0,0,0,0,0
V014,25/10/2025,13:30:00,Generator,GEN1,1540,4.3,71,62,,Normal,0,0,0,0,0,0,1,0,1
V015,26/10/2026,06:50:00,Engine,ME1,650,3.9,76,64,364,Normal,0,0,0,0,0,0,0,0,0
V015,26/10/2025,06:50:00,Engine,ME2,660,4,76.4,64.5,364,Normal,0,0,0,0,0,0,0,0,0
V015,26/10/2025,05:00:00,Generator,GEN2,1540,4.4,73,63,,Normal,0,0,0,0,0,0,1,0,1
V015,26/10/2025,07:20:00,Engine,ME1,800,4.3,78,66,367,Normal,0,0,0,0,0,0,0,0,0
V015,26/10/2025,07:20:00,Engine,ME2,810,4.4,78.5,66,367,Normal,0,0,0,0,0,0,0,0,0
V015,26/10/2025,05:30:00,Generator,GEN2,1540,6.5,100,85,,Fault,0,0,0,0,0,0,1,1,1
V015,26/10/2025,07:50:00,Engine,ME1,100,4.5,79.5,68,369,Normal,0,0,0,0,0,0,0,0,0
V015,26/10/2025,07:50:00,Engine,ME2,100,4.6,80,68,368,Normal,0,0,0,0,0,0,0,0,0
V015,26/10/2025,06:00:00,Generator,GEN2,1530,4.2,71,62,,Normal,0,0,0,0,0,0,1,0,1
V015,26/10/2025,08:20:00,Engine,ME1,1200,4.7,84,68.6,373,Normal,0,0,0,0,0,0,0,0,0
V015,26/10/2025,08:20:00,Engine,ME2,1200,4.8,85,69,372,Normal,0,0,0,0,0,0,0,0,0
V015,26/10/2026,07:30:00,Generator,GEN2,1520,4.1,70,61,,Normal,0,0,0,0,0,0,1,0,1
V015,26/10/2025,08:50:00,Engine,ME1,1400,5.2,88,70,375,Normal,0,0,0,0,0,0,0,0,0
V015,26/10/2025,08:50:00,Engine,ME2,1400,5.3,89,70,375,Normal,0,0,0,0,0,0,0,0,0
V015,26/10/2025,08:00:00,Generator,GEN2,1540,6.5,100,85,,Fault,0,0,0,0,0,0,1,1,1
V015,26/10/2025,09:20:00,Engine,ME1,1610,6.1,94,74,380,Normal,0,0,0,0,0,0,0,0,0
V015,26/10/2025,09:20:00,Engine,ME2,1600,5.8,94,75,380,Normal,0,0,0,0,0,0,0,0,0
V015,26/10/2025,08:30:00,Generator,GEN2,1530,4.2,72,62,,Normal,0,0,0,0,0,0,1,0,1
V015,26/10/2026,09:50:00,Engine,ME1,1600,6.5,100,85,400,Fault,0,0,0,0,0,0,0,1,0
V015,26/10/2025,09:50:00,Engine,ME2,1590,5.6,92,73,378,Normal,0,0,0,0,0,0,0,0,0
V015,26/10/2025,09:00:00,Generator,GEN2,1520,4.1,71.5,61.5,,Normal,0,0,0,0,0,0,1,0,1
V015,26/10/2025,10:20:00,Engine,ME1,1550,5.2,91,72,378,Normal,0,0,0,0,0,0,0,0,0
V015,26/10/2025,10:20:00,Engine,ME2,1600,6.5,100,85,400,Fault,0,0,0,0,0,0,0,1,0
V015,26/10/2025,09:30:00,Generator,GEN2,1530,4.3,72,62,,Normal,0,0,0,0,0,0,1,0,1
V015,26/10/2025,10:50:00,Engine,ME1,1540,5.1,90,71,375,Normal,0,0,0,0,0,0,0,0,0
V015,26/10/2025,10:50:00,Engine,ME2,1560,5.4,92,72.5,379,Normal,0,0,0,0,0,0,0,0,0
V015,26/10/2025,10:00:00,Generator,GEN2,1540,6.5,100,85,,Fault,0,0,0,0,0,0,1,1,1
V015,26/10/2025,11:20:00,Engine,ME1,1560,5.2,91,72,378,Normal,0,0,0,0,0,0,0,0,0
V015,26/10/2025,11:20:00,Engine,ME2,1570,5.6,92.5,73,379,Normal,0,0,0,0,0,0,0,0,0
V015,26/10/2025,10:30:00,Generator,GEN2,1530,4.2,71.6,62,,Normal,0,0,0,0,0,0,1,0,1
V015,26/10/2025,11:50:00,Engine,ME1,1500,5,90,70,374,Normal,0,0,0,0,0,0,0,0,0
V015,26/10/2025,11:50:00,Engine,ME2,1510,5.1,91,71,375,Normal,0,0,0,0,0,0,0,0,0
V015,26/10/2025,11:00:00,Generator,GEN2,1520,4.1,71,61,,Normal,0,0,0,0,0,0,1,0,1
V015,26/10/2025,12:20:00,Engine,ME1,1510,5.1,91,71,375,Normal,0,0,0,0,0,0,0,0,0
V015,26/10/2025,12:20:00,Engine,ME2,1520,5.15,91.5,71.5,375,Normal,0,0,0,0,0,0,0,0,0
V015,26/10/2025,11:30:00,Generator,GEN2,1530,4.2,72,71.5,,Normal,0,0,0,0,0,0,1,0,1
V015,26/10/2025,12:50:00,Engine,ME1,1500,5,90,70,375,Normal,0,0,0,0,0,0,0,0,0
V015,26/10/2025,12:50:00,Engine,ME2,1500,5,90,70,375,Normal,0,0,0,0,0,0,0,0,0
V015,26/10/2025,12:00:00,Generator,GEN2,1540,6.5,100,85,,Fault,0,0,0,0,0,0,1,1,1
V015,26/10/2025,13:20:00,Engine,ME1,1400,4.8,89,69,373,Normal,0,0,0,0,0,0,0,0,0
V015,26/10/2025,13:20:00,Engine,ME2,1400,4.8,89,69,373,Normal,0,0,0,0,0,0,0,0,0
V015,26/10/2025,12:30:00,Generator,GEN2,1530,4.2,73,62,,Normal,0,0,0,0,0,0,1,0,1
V015,26/10/2025,13:50:00,Engine,ME1,1200,4.6,87,67,370,Normal,0,0,0,0,0,0,0,0,0
V015,26/10/2025,13:50:00,Engine,ME2,1200,4.5,87,67,370,Normal,0,0,0,0,0,0,0,0,0
V015,26/10/2025,13:00:00,Generator,GEN2,1520,4.2,72,61,,Normal,0,0,0,0,0,0,1,0,1
V015,26/10/2025,14:20:00,Engine,ME1,1000,4.3,86,66,368,Normal,0,0,0,0,0,0,0,0,0
V015,26/10/2025,14:20:00,Engine,ME2,1000,4.25,86,66,368,Normal,0,0,0,0,0,0,0,0,0
V015,26/10/2025,13:30:00,Generator,GEN2,1530,4.3,72.5,62,,Normal,0,0,0,0,0,0,1,0,1
V015,26/10/2025,14:50:00,Engine,ME1,800,4,85,65,365,Normal,0,0,0,0,0,0,0,0,0
V015,26/10/2025,14:50:00,Engine,ME2,800,4.1,85,65,365,Normal,0,0,0,0,0,0,0,0,0
V015,26/10/2025,14:00:00,Generator,GEN2,1520,4.2,72,61.5,,Normal,0,0,0,0,0,0,1,0,1
V015,26/10/2025,15:20:00,Engine,ME1,650,3.8,84,65,364,Normal,0,0,0,0,0,0,0,0,0
V015,26/10/2025,15:20:00,Engine,ME2,650,3.9,84,65,364,Normal,0,0,0,0,0,0,0,0,0
V015,26/10/2025,14:30:00,Generator,GEN2,1540,4.3,73,62.5,,Normal,0,0,0,0,0,0,1,0,1
V016,01/11/2025 00:00,06:50:00,Engine,ME1,650,3.7,83,64,364,Normal,0,0,0,0,0,0,0,0,0
V016,01/11/2025 00:00,06:50:00,Engine,ME2,650,3.7,83,64,364,Normal,0,0,0,0,0,0,0,0,0
V016,01/11/2025 00:00,05:00:00,Generator,GEN2,1540,4.3,72.5,65.8,,Normal,0,0,0,0,0,0,1,0,1
V016,01/11/2025 00:00,07:20:00,Engine,ME1,800,4,85,66,366,Normal,0,0,0,0,0,0,0,0,0
V016,01/11/2025 00:00,07:20:00,Engine,ME2,800,4,85,66,366,Normal,0,0,0,0,0,0,0,0,0
V016,01/11/2025 00:00,05:30:00,Generator,GEN2,1530,4.2,72,65,,Normal,0,0,0,0,0,0,1,0,1
V016,01/11/2025 00:00,07:50:00,Engine,ME1,1000,4.3,88,68,368,Normal,0,0,0,0,0,0,0,0,0
V016,01/11/2025 00:00,07:50:00,Engine,ME2,1000,4.4,88,68,368,Normal,0,0,0,0,0,0,0,0,0
V016,01/11/2025 00:00,06:00:00,Generator,GEN2,1520,4.1,71.5,64,,Normal,0,0,0,0,0,0,1,0,1
V016,01/11/2025 00:00,08:20:00,Engine,ME1,1200,4.8,89,69,370,Normal,0,0,0,0,0,0,0,0,0
V016,01/11/2025 00:00,08:20:00,Engine,ME2,1200,4.8,89.5,69,370,Normal,0,0,0,0,0,0,0,0,0
V016,01/11/2025 00:00,06:30:00,Generator,GEN2,1540,6.5,100,85,400,Fault,0,0,0,0,0,0,1,1,0
V016,01/11/2025 00:00,08:50:00,Engine,ME1,1400,5.2,90,72,375,Normal,0,0,0,0,0,0,0,0,0
V016,01/11/2025 00:00,08:50:00,Engine,ME2,1400,5.1,90,71.5,375,Normal,0,0,0,0,0,0,0,0,0
V016,01/11/2025 00:00,07:00:00,Generator,GEN2,1530,4.1,71,63,,Normal,0,0,0,0,0,0,1,0,1
V016,01/11/2025 00:00,09:20:00,Engine,ME1,1600,5.96,92.8,75,380,Normal,0,0,0,0,0,0,0,0,0
V016,01/11/2025 00:00,09:20:00,Engine,ME2,1600,5.83,92.6,73,380,Normal,0,0,0,0,0,0,0,0,0
V016,01/11/2025 00:00,07:30:00,Generator,GEN2,1520,4,70,62,,Normal,0,0,0,0,0,0,1,0,1
V016,01/11/2025 00:00,09:50:00,Engine,ME1,1600,6.5,100,85,400,Fault,0,0,0,0,0,0,0,1,0
V016,01/11/2025 00:00,09:50:00,Engine,ME2,1590,5.5,91,74,377,Normal,0,0,0,0,0,0,0,0,0
V016,01/11/2025 00:00,08:00:00,Generator,GEN2,1510,3.9,69,61,,Normal,0,0,0,0,0,0,1,0,1
V016,01/11/2025 00:00,10:20:00,Engine,ME1,1550,5,89,70,376,Normal,0,0,0,0,0,0,0,0,0
V016,01/11/2025 00:00,10:20:00,Engine,ME2,1600,6.5,100,85,400,Fault,0,0,0,0,0,0,0,1,0
V016,01/11/2025 00:00,08:30:00,Generator,GEN2,1500,3.8,78,60,,Normal,0,0,0,0,0,0,1,0,1
V016,01/11/2025 00:00,10:50:00,Engine,ME1,1540,4.9,88,69,375,Normal,0,0,0,0,0,0,0,0,0
V016,01/11/2025 00:00,10:50:00,Engine,ME2,1580,5.3,91,71,378,Normal,0,0,0,0,0,0,0,0,0
V016,01/11/2025 00:00,09:00:00,Generator,GEN2,1520,4.2,71,62,,Normal,0,0,0,0,0,0,1,0,1
V016,01/11/2025 00:00,11:20:00,Engine,ME1,1550,5,89,70,376,Normal,0,0,0,0,0,0,0,0,0
V016,01/11/2025 00:00,11:20:00,Engine,ME2,1570,5.2,90,71,377,Normal,0,0,0,0,0,0,0,0,0
V016,01/11/2025 00:00,09:30:00,Generator,GEN2,1540,6.5,100,85,,Fault,0,0,0,0,0,0,1,1,1
V016,01/11/2025 00:00,11:50:00,Engine,ME1,1590,5.6,92,71,378,Normal,0,0,0,0,0,0,0,0,0
V016,01/11/2025 00:00,11:50:00,Engine,ME2,1580,5.3,91,71.5,378,Normal,0,0,0,0,0,0,0,0,0
V016,01/11/2025 00:00,10:00:00,Generator,GEN2,1530,4.2,71,62,,Normal,0,0,0,0,0,0,1,0,1
V016,01/11/2025 00:00,12:20:00,Engine,ME1,1600,6.5,100,85,400,Fault,0,0,0,0,0,0,0,1,0
V016,01/11/2025 00:00,12:20:00,Engine,ME2,1590,5.5,92,72,380,Normal,0,0,0,1,0,1,0,0,0
V016,01/11/2025 00:00,10:30:00,Generator,GEN2,1520,4.1,70.5,61,,Normal,0,0,0,0,0,0,1,0,1
V016,01/11/2025 00:00,12:50:00,Engine,ME1,1590,5.5,92,71,378,Normal,0,0,0,0,0,0,0,0,0
V016,01/11/2025 00:00,12:50:00,Engine,ME2,1600,6.5,100,85,400,Fault,0,0,0,0,0,0,0,1,0
V016,01/11/2025 00:00,11:00:00,Generator,GEN2,1510,4,70,60.5,,Normal,0,0,0,0,0,0,1,0,1
V016,01/11/2025 00:00,13:20:00,Engine,ME1,1580,5.4,91,70,377,Normal,0,0,0,0,0,0,0,0,0
V016,01/11/2025 00:00,13:20:00,Engine,ME2,1590,5.7,92,72,380,Normal,0,0,0,0,0,0,0,0,0
V016,01/11/2025 00:00,11:30:00,Generator,GEN2,1500,3.9,70,60,,Normal,0,0,0,0,0,0,1,0,1
V016,01/11/2025 00:00,13:50:00,Engine,ME1,1300,4.8,89,69,373,Normal,0,0,0,0,0,0,0,0,0
V016,01/11/2025 00:00,13:50:00,Engine,ME2,1300,4.8,98.5,69,373,Normal,0,0,0,0,0,0,0,0,0
V016,01/11/2025 00:00,12:00:00,Generator,GEN2,1510,4,71,61,,Normal,0,0,0,0,0,0,1,0,1
V016,01/11/2025 00:00,14:20:00,Engine,ME1,1000,4.4,85,67,370,Normal,0,0,0,0,0,0,0,0,0
V016,01/11/2025 00:00,14:20:00,Engine,ME2,1000,4.4,84,67,370,Normal,0,0,0,0,0,0,0,0,0
V016,01/11/2025 00:00,12:30:00,Generator,GEN2,1520,4.1,72,62,,Normal,0,0,0,0,0,0,1,0,1
V016,01/11/2025 00:00,14:50:00,Engine,ME1,800,4,83,66,367,Normal,0,0,0,0,0,0,0,0,0
V016,01/11/2025 00:00,14:40:00,Engine,ME2,800,4,82,66,367,Normal,0,0,0,0,0,0,0,0,0
V016,01/11/2025 00:00,13:00:00,Generator,GEN2,1530,4.2,71,61,,Normal,0,0,0,0,0,0,1,0,1
V016,01/11/2025 00:00,15:20:00,Engine,ME1,650,3.9,78,65,365,Normal,0,0,0,0,0,0,0,0,0
V016,01/11/2025 00:00,15:20:00,Engine,ME2,650,3.9,78,65,365,Normal,0,0,0,0,0,0,0,0,0
V016,01/11/2025 00:00,13:30:00,Generator,GEN2,1540,4.3,75,62,,Normal,0,0,0,0,0,0,1,0,1
V017,02/11/2025 00:00,06:50:00,Engine,ME1,650,3.9,75,65,364,Normal,0,0,0,0,0,0,0,0,0
V017,02/11/2025 00:00,06:50:00,Engine,ME2,660,3.9,76,65,364,Normal,0,0,0,0,0,0,0,0,0
V017,02/11/2025 00:00,05:00:00,Generator,GEN2,1540,4.3,72.5,64,,Normal,0,0,0,0,0,0,1,0,1
V017,02/11/2025 00:00,07:20:00,Engine,ME1,800,4.2,80,68,367,Normal,0,0,0,0,0,0,0,0,0
V017,02/11/2025 00:00,07:20:00,Engine,ME2,800,4.3,81,68,367,Normal,0,0,0,0,0,0,0,0,0
V017,02/11/2025 00:00,05:30:00,Generator,GEN2,1540,6.5,100,85,,Fault,0,0,0,0,0,0,1,1,1
V017,02/11/2025 00:00,07:50:00,Engine,ME1,1000,4.5,85,69,369,Normal,0,0,0,0,0,0,0,0,0
V017,02/11/2025 00:00,07:50:00,Engine,ME2,1000,4.5,85,69,369,Normal,0,0,0,0,0,0,0,0,0
V017,02/11/2025 00:00,06:00:00,Generator,GEN2,1530,4.2,72,63,,Normal,0,0,0,0,0,0,1,0,1
V017,02/11/2025 00:00,08:20:00,Engine,ME1,1200,4.9,88,70,370,Normal,0,0,0,0,0,0,0,0,0
V017,02/11/2025 00:00,08:20:00,Engine,ME2,1200,4.8,88,70,370,Normal,0,0,0,0,0,0,0,0,0
V017,02/11/2025 00:00,06:30:00,Generator,GEN2,1520,4.1,71,62,,Normal,0,0,0,0,0,0,1,0,1
V017,02/11/2025 00:00,08:50:00,Engine,ME1,1400,5.2,90,71,375,Normal,0,0,0,0,0,0,0,0,0
V017,02/11/2025 00:00,08:50:00,Engine,ME2,1400,5.25,90,71,375,Normal,0,0,0,0,0,0,0,0,0
V017,02/11/2025 00:00,07:00:00,Generator,GEN2,1510,4,70,61,,Normal,0,0,0,0,0,0,1,0,1
V017,02/11/2025 00:00,09:20:00,Engine,ME1,1600,6,92.1,74,380,Normal,0,0,0,0,0,0,0,0,0
V017,02/11/2025 00:00,09:20:00,Engine,ME2,1600,5.79,92.8,74,380,Normal,0,0,0,0,0,0,0,0,0
V017,02/11/2025 00:00,07:30:00,Generator,GEN2,1500,3.9,68,59,,Normal,0,0,1,0,0,1,1,0,1
V017,02/11/2025 00:00,09:50:00,Engine,ME1,1600,6.5,100,85,400,Fault,0,0,0,0,0,0,0,1,0
V017,02/11/2025 00:00,09:50:00,Engine,ME2,1590,5.6,91.4,73,378,Normal,0,0,0,0,0,0,0,0,0
V017,02/11/2025 00:00,08:00:00,Generator,GEN2,1510,4,69,60,,Normal,0,0,0,0,0,0,1,0,1
V017,02/11/2025 00:00,10:20:00,Engine,ME1,1580,5.6,92,73,378,Normal,0,0,0,0,0,0,0,0,0
V017,02/11/2025 00:00,10:20:00,Engine,ME2,1600,6.5,100,85,400,Fault,0,0,0,0,0,0,0,1,0
V017,02/11/2025 00:00,08:30:00,Generator,GEN2,1520,4.1,70,61,,Normal,0,0,0,0,0,0,1,0,1
V017,02/11/2025 00:00,10:50:00,Engine,ME1,1570,5.4,91,72,377,Normal,0,0,0,0,0,0,0,0,0
V017,02/11/2025 00:00,10:50:00,Engine,ME2,1560,5.4,91.5,72,377,Normal,0,0,0,0,0,0,0,0,0
V017,02/11/2025 00:00,09:00:00,Generator,GEN2,1530,4.2,71,62,,Normal,0,0,0,0,0,0,1,0,1
V017,02/11/2025 00:00,11:20:00,Engine,ME1,1560,5.3,90,71,376,Normal,0,0,0,0,0,0,0,0,0
V017,02/11/2025 00:00,11:20:00,Engine,ME2,1550,5.3,90.5,71,376,Normal,0,0,0,0,0,0,0,0,0
V017,02/11/2025 00:00,09:30:00,Generator,GEN2,1540,4.3,72,63,,Normal,0,0,0,0,0,0,1,0,1
V017,02/11/2025 00:00,11:50:00,Engine,ME1,1550,5.2,89,70,374,Normal,0,0,0,0,0,0,0,0,0
V017,02/11/2025 00:00,11:50:00,Engine,ME2,1540,5.25,89,70,374,Normal,0,0,0,0,0,0,0,0,0
V017,02/11/2025 00:00,10:00:00,Generator,GEN2,1530,4.35,73,64,,Normal,0,0,0,0,0,0,1,0,1
V017,02/11/2025 00:00,13:20:00,Engine,ME1,1300,5,88,69,372,Normal,0,0,0,0,0,0,0,0,0
V017,02/11/2025 00:00,13:20:00,Engine,ME2,1300,5,88,69,371,Normal,0,0,0,0,0,0,0,0,0
V017,02/11/2025 00:00,10:30:00,Generator,GEN2,1540,6.5,100,85,,Fault,0,0,0,0,0,0,1,1,1
V017,02/11/2025 00:00,13:50:00,Engine,ME1,1000,4.8,87,68,370,Normal,0,0,0,0,0,0,0,0,0
V017,02/11/2025 00:00,13:50:00,Engine,ME2,1000,4.9,87,68,370,Normal,0,0,0,0,0,0,0,0,0
V017,02/11/2025 00:00,11:00:00,Generator,GEN2,1510,3.9,70,63,,Normal,0,0,0,0,0,0,1,0,1
V017,02/11/2025 00:00,14:20:00,Engine,ME1,800,4.4,86,66,367,Normal,0,0,0,0,0,0,0,0,0
V017,02/11/2025 00:00,14:20:00,Engine,ME2,800,4.3,86,66,367,Normal,0,0,0,0,0,0,0,0,0
V017,02/11/2025 00:00,11:30:00,Generator,GEN2,1520,4,71,63,,Normal,0,0,0,0,0,0,1,0,1
V017,02/11/2025 00:00,14:50:00,Engine,ME1,650,4.2,85,65,366,Normal,0,0,0,0,0,0,0,0,0
V017,02/11/2025 00:00,14:50:00,Engine,ME2,650,4.2,85,65,366,Normal,0,0,0,0,0,0,0,0,0
V017,02/11/2025 00:00,12:00:00,Generator,GEN2,1530,4.1,72,74,,Normal,0,0,0,0,0,0,1,0,1
V017,02/11/2025 00:00,15:20:00,Engine,ME1,650,4,84,64,365,Normal,0,0,0,0,0,0,0,0,0
V017,02/11/2025 00:00,15:20:00,Engine,ME2,640,3.9,84,64,365,Normal,0,0,0,0,0,0,0,0,0
V017,02/11/2025 00:00,12:30:00,Generator,GEN2,1540,4.3,73,74.5,,Normal,0,0,0,0,0,0,1,0,1
V018,04/11/2026 00:00,06:50:00,Engine,ME1,650,3.8,83.5,64,364,Normal,0,0,0,0,0,0,0,0,0
V018,04/11/2026 00:00,06:50:00,Engine,ME2,650,3.9,83.5,64,364,Normal,0,0,0,0,0,0,0,0,0
V018,04/11/2026 00:00,05:00:00,Generator,GEN1,1540,4.2,70.5,66,,Normal,0,0,0,0,0,0,1,0,1
V018,04/11/2026 00:00,07:20:00,Engine,ME1,800,4.2,86,66,367,Normal,0,0,0,0,0,0,0,0,0
V018,04/11/2026 00:00,07:20:00,Engine,ME2,800,4.3,86,66,367,Normal,0,0,0,0,0,0,0,0,0
V018,04/11/2026 00:00,05:30:00,Generator,GEN1,1540,6.5,100,85,,Fault,0,0,0,0,0,0,1,1,1
V018,04/11/2026 00:00,07:50:00,Engine,ME1,1000,4.5,88,67,369,Normal,0,0,0,0,0,0,0,0,0
V018,04/11/2026 00:00,07:50:00,Engine,ME2,1000,4.52,88,67,369,Normal,0,0,0,0,0,0,0,0,0
V018,04/11/2026 00:00,06:00:00,Generator,GEN1,1430,4,70,63,,Normal,0,0,0,0,0,0,1,0,1
V018,04/11/2026 00:00,08:20:00,Engine,ME1,1200,4.8,88,68,370,Normal,0,0,0,0,0,0,0,0,0
V018,04/11/2026 00:00,08:20:00,Engine,ME2,1200,4.9,88,68,370,Normal,0,0,0,0,0,0,0,0,0
V018,04/11/2026 00:00,06:30:00,Generator,GEN2,1520,3.9,69.5,62,,Normal,0,0,0,0,0,0,1,0,1
V018,04/11/2026 00:00,08:50:00,Engine,ME1,1400,5.2,90,70,375,Normal,0,0,0,0,0,0,0,0,0
V018,04/11/2026 00:00,08:50:00,Engine,ME2,1400,5.3,90,70,375,Normal,0,0,0,0,0,0,0,0,0
V018,04/11/2026 00:00,07:00:00,Generator,GEN2,1410,3.85,69,61.5,,Normal,0,0,0,0,0,0,1,0,1
V018,04/11/2026 00:00,09:20:00,Engine,ME1,1600,6.05,92,74,380,Normal,0,0,0,0,0,0,0,0,0
V018,04/11/2026 00:00,09:20:00,Engine,ME2,1600,5.82,92.3,73,380,Normal,0,0,0,0,0,0,0,0,0
V018,04/11/2026 00:00,07:30:00,Generator,GEN1,1520,4,70,62,,Normal,0,0,0,0,0,0,1,0,1
V018,04/11/2026 00:00,09:50:00,Engine,ME1,1600,6.5,100,85,400,Fault,0,0,0,0,0,0,0,1,0
V018,04/11/2026 00:00,09:50:00,Engine,ME2,1590,5.6,92,72,378,Normal,0,0,0,0,0,0,0,0,0
V018,04/11/2026 00:00,08:00:00,Generator,GEN1,1530,4.1,71,63,,Normal,0,0,0,0,0,0,1,0,1
V018,04/11/2026 00:00,10:20:00,Engine,ME1,1580,5.5,90,71,378,Normal,0,0,0,0,0,0,0,0,0
V018,04/11/2026 00:00,10:20:00,Engine,ME2,1600,6.5,100,85,400,Fault,0,0,0,0,0,0,0,1,0
V018,04/11/2026 00:00,08:30:00,Generator,GEN1,1540,4.2,72,64,,Normal,0,0,0,0,0,0,1,0,1
V018,04/11/2026 00:00,10:50:00,Engine,ME1,1570,5.4,89,70.2,377,Normal,0,0,0,0,0,0,0,0,0
V018,04/11/2026 00:00,10:50:00,Engine,ME2,1590,5.6,91.6,72.5,379,Normal,0,0,0,0,0,0,0,0,0
V018,04/11/2026 00:00,09:00:00,Generator,GEN1,1540,6.5,100,85,,Fault,0,0,0,0,0,0,1,1,1
V018,04/11/2026 00:00,11:20:00,Engine,ME1,1560,5.2,87,70,376,Normal,0,0,0,0,0,0,0,0,0
V018,04/11/2026 00:00,11:20:00,Engine,ME2,1550,5.1,86,70,376,Normal,0,0,0,0,0,0,0,0,0
V018,04/11/2026 00:00,09:30:00,Generator,GEN1,1530,4,72,63,,Normal,0,0,0,0,0,0,1,0,1
V018,04/11/2026 00:00,11:50:00,Engine,ME1,1300,4.8,86,69,370,Normal,0,0,0,0,0,0,0,0,0
V018,04/11/2026 00:00,11:50:00,Engine,ME2,1300,4.7,85,69,370,Normal,0,0,0,0,0,0,0,0,0
V018,04/11/2026 00:00,10:00:00,Generator,GEN1,1520,4,71,62,,Normal,0,0,0,0,0,0,1,0,1
V018,04/11/2026 00:00,12:20:00,Engine,ME1,1000,4.4,85,67,367,Normal,0,0,0,0,0,0,0,0,0
V018,04/11/2026 00:00,12:20:00,Engine,ME2,1000,4.3,84,67,367,Normal,0,0,0,0,0,0,0,0,0
V018,04/11/2026 00:00,10:30:00,Generator,GEN1,1530,4.1,72,62.5,,Normal,0,0,0,0,0,0,1,0,1
V018,04/11/2026 00:00,12:50:00,Engine,ME1,800,4.2,84,66,366,Normal,0,0,0,0,0,0,0,0,0
V018,04/11/2026 00:00,12:50:00,Engine,ME2,800,4.2,83.9,66,366,Normal,0,0,0,0,0,0,0,0,0
V018,04/11/2026 00:00,11:00:00,Generator,GEN1,1535,4.15,72,63,,Normal,0,0,0,0,0,0,1,0,1
V018,04/11/2026 00:00,13:20:00,Engine,ME1,650,4,83,65,366,Normal,0,0,0,0,0,0,0,0,0
V018,04/11/2026 00:00,13:20:00,Engine,ME2,650,4,83.4,65,366,Normal,0,0,0,0,0,0,0,0,0
V018,04/11/2026 00:00,11:30:00,Generator,GEN1,1540,4.2,72.3,63.4,,Normal,0,0,0,0,0,0,1,0,1
V018,04/11/2026 00:00,13:50:00,Engine,ME1,650,3.9,83,64.4,365,Normal,0,0,0,0,0,0,0,0,0
V018,04/11/2026 00:00,13:50:00,Engine,ME2,660,4,83,64.6,365,Normal,0,0,0,0,0,0,0,0,0
V018,04/11/2026 00:00,12:00:00,Generator,GEN1,1540,4.1,72,63,,Normal,0,0,0,0,0,0,1,0,1
V019,05/11/2025 00:00,07:30:00,Engine,ME1,650,3.9,72,64,365,Normal,0,0,0,0,0,0,0,0,0
V019,05/11/2025 00:00,07:30:00,Engine,ME2,650,3.8,72,64,365,Normal,0,0,0,0,0,0,0,0,0
V019,05/11/2025 00:00,05:00:00,Generator,GEN2,1537,4.2,70.5,66.5,,Normal,0,0,0,0,0,0,1,0,1
V019,05/11/2025 00:00,08:00:00,Engine,ME1,800,4.1,83,66,366,Normal,0,0,0,0,0,0,0,0,0
V019,05/11/2025 00:00,08:00:00,Engine,ME2,800,4.2,84,66,366,Normal,0,0,0,0,0,0,0,0,0
V019,05/11/2025 00:00,05:30:00,Generator,GEN2,1540,6.5,100,85,,Fault,0,0,0,0,0,0,1,1,1
V019,05/11/2025 00:00,08:30:00,Engine,ME1,1000,4.5,86,68,370,Normal,0,0,0,0,0,0,0,0,0
V019,05/11/2025 00:00,08:30:00,Engine,ME2,1000,4.5,86,68,370,Normal,0,0,0,0,0,0,0,0,0
V019,05/11/2025 00:00,06:00:00,Generator,GEN2,1430,4.1,70,63,,Normal,0,0,0,0,0,0,1,0,1
V019,05/11/2025 00:00,09:00:00,Engine,ME1,1300,5.2,91,70,375,Normal,0,0,0,0,0,0,0,0,0
V019,05/11/2025 00:00,09:00:00,Engine,ME2,1300,5.3,91,70,375,Normal,0,0,0,0,0,0,0,0,0
V019,05/11/2025 00:00,06:30:00,Generator,GEN2,1520,4,70,62.7,,Normal,0,0,0,0,0,0,1,0,1
V019,05/11/2025 00:00,09:30:00,Engine,ME1,1600,5.88,92.8,75,380,Normal,0,0,0,0,0,0,0,0,0
V019,05/11/2025 00:00,09:30:00,Engine,ME2,1600,5.81,92.6,73,380,Normal,0,0,0,0,0,0,0,0,0
V019,05/11/2025 00:00,07:00:00,Generator,GEN2,1510,3.94,70,62.4,,Normal,0,0,0,0,0,0,1,0,1
V019,05/11/2025 00:00,10:00:00,Engine,ME1,1600,6.5,100,85,400,Fault,0,0,0,0,0,0,0,1,0
V019,05/11/2025 00:00,10:00:00,Engine,ME2,1550,5.5,91.5,72.5,378,Normal,0,0,0,0,0,0,0,0,0
V019,05/11/2025 00:00,07:30:00,Generator,GEN2,1500,3.6,69,61,,Normal,0,0,0,0,0,0,1,0,1
V019,05/11/2025 00:00,10:30:00,Engine,ME1,1550,5.4,91,70,377,Normal,0,0,0,0,0,0,0,0,0
V019,05/11/2025 00:00,10:30:00,Engine,ME2,1600,6.5,100,85,400,Fault,0,0,0,0,0,0,0,1,0
V019,05/11/2025 00:00,08:00:00,Generator,GEN2,1510,3.5,68,60.5,,Normal,0,0,0,0,0,0,1,0,1
V019,05/11/2025 00:00,11:00:00,Engine,ME1,1540,5.3,90.5,69.5,375,Normal,0,0,0,0,0,0,0,0,0
V019,05/11/2025 00:00,11:00:00,Engine,ME2,1590,5.7,92,71,379,Normal,0,0,0,0,0,0,0,0,0
V019,05/11/2025 00:00,08:30:00,Generator,GEN2,1540,6.5,100,85,,Fault,0,0,0,0,0,0,1,1,1
V019,05/11/2025 00:00,11:30:00,Engine,ME1,1580,5.5,92,71,378,Normal,0,0,0,0,0,0,0,0,0
V019,05/11/2025 00:00,11:30:00,Engine,ME2,1550,5.4,91,70,376,Normal,0,0,0,0,0,0,0,0,0
V019,05/11/2025 00:00,09:30:00,Generator,GEN2,1520,3.8,70,64,,Normal,0,0,0,0,0,0,1,0,1
V019,05/11/2025 00:00,12:00:00,Engine,ME1,1300,5,89,70,375,Normal,0,0,0,0,0,0,0,0,0
V019,05/11/2025 00:00,12:00:00,Engine,ME2,1300,5,88,69,374,Normal,0,0,0,0,0,0,0,0,0
V019,05/11/2025 00:00,10:00:00,Generator,GEN2,1530,3.9,71,65,,Normal,0,0,0,0,0,0,1,0,1
V019,05/11/2025 00:00,12:30:00,Engine,ME1,1000,4.8,87,69,373,Normal,0,0,0,0,0,0,0,0,0
V019,05/11/2025 00:00,12:30:00,Engine,ME2,1000,4.8,87,68.7,372.8,Normal,0,0,0,0,0,0,0,0,0
V019,05/11/2025 00:00,10:30:00,Generator,GEN2,1537,4.2,71.5,66,,Normal,0,0,0,0,0,0,1,0,1
V019,05/11/2025 00:00,13:00:00,Engine,ME1,800,4.3,85,68,370,Normal,0,0,0,0,0,0,0,0,0
V019,05/11/2025 00:00,13:00:00,Engine,ME2,800,4.4,85,67,370,Normal,0,0,0,0,0,0,0,0,0
V019,05/11/2025 00:00,11:00:00,Generator,GEN2,1540,4.2,72,66.5,,Normal,0,0,0,0,0,0,1,0,1
V019,05/11/2025 00:00,13:30:00,Engine,ME1,660,4,85,67,367,Normal,0,0,0,0,0,0,0,0,0
V019,05/11/2025 00:00,13:30:00,Engine,ME2,670,4,85,65.7,367,Normal,0,0,0,0,0,0,0,0,0
V019,05/11/2025 00:00,11:30:00,Generator,GEN2,1540,4.2,72.4,66.9,,Normal,0,0,0,0,0,0,1,0,1
V019,05/11/2025 00:00,14:00:00,Engine,ME1,650,3.9,84,65,365,Normal,0,0,0,0,0,0,0,0,0
V019,05/11/2025 00:00,14:00:00,Engine,ME2,650,3.8,84,65,365,Normal,0,0,0,0,0,0,0,0,0
V019,05/11/2025 00:00,12:00:00,Generator,GEN2,1540,4.25,73,67,,Normal,0,0,0,0,0,0,1,0,1
V020,06/11/2025 00:00,01:50:00,Engine,ME1,650,3.8,84,65,365,Normal,0,0,0,0,0,0,0,0,0
V020,06/11/2025 00:00,01:50:00,Engine,ME2,650,3.8,84,65,365,Normal,0,0,0,0,0,0,0,0,0
V020,06/11/2025 00:00,00:00:00,Generator,GEN1,1540,4.2,70.5,66.5,,Normal,0,0,0,0,0,0,1,0,1
V020,06/11/2025 00:00,02:20:00,Engine,ME1,800,4.2,86,68,368,Normal,0,0,0,0,0,0,0,0,0
V020,06/11/2025 00:00,02:20:00,Engine,ME2,800,4.3,86,68,368,Normal,0,0,0,0,0,0,0,0,0
V020,06/11/2025 00:00,00:30:00,Generator,GEN2,1540,6.5,100,85,,Fault,0,0,0,0,0,0,1,1,1
V020,06/11/2025 00:00,02:50:00,Engine,ME1,1000,4.5,88,69,370,Normal,0,0,0,0,0,0,0,0,0
V020,06/11/2025 00:00,02:50:00,Engine,ME2,1000,4.6,88,69,370,Normal,0,0,0,0,0,0,0,0,0
V020,06/11/2025 00:00,01:00:00,Generator,GEN2,1530,4.1,70,63,,Normal,0,0,0,0,0,0,1,0,1
V020,06/11/2025 00:00,3::20,Engine,ME1,1200,4.8,89,70,375,Normal,0,0,0,0,0,0,0,0,0
V020,06/11/2025 00:00,03:20:00,Engine,ME2,1200,4.8,89,70,375,Normal,0,0,0,0,0,0,0,0,0
V020,06/11/2025 00:00,01:30:00,Generator,GEN2,1540,6.5,100,85,,Fault,0,0,0,0,0,0,1,1,1
V020,06/11/2025 00:00,03:50:00,Engine,ME1,1600,5.88,92.8,75,380,Normal,0,0,0,0,0,0,0,0,0
V020,06/11/2025 00:00,03:50:00,Engine,ME2,1600,5.81,92.6,73,380,Normal,0,0,0,0,0,0,0,0,0
V020,06/11/2025 00:00,02:00:00,Generator,GEN2,1520,4.2,70.5,63,,Normal,0,0,0,0,0,0,1,0,1
V020,06/11/2025 00:00,04:20:00,Engine,ME1,1600,6.5,100,85,400,Fault,0,0,0,0,0,0,0,1,0
V020,06/11/2025 00:00,04:20:00,Engine,ME2,1590,5.6,92,74,378,Normal,0,0,0,0,0,0,0,0,0
V020,06/11/2025 00:00,02:30:00,Generator,GEN2,1510,4.1,70,62,,Normal,0,0,0,0,0,0,1,0,1
V020,06/11/2025 00:00,04:50:00,Engine,ME1,1590,5.7,92,74,379,Normal,0,0,0,0,0,0,0,0,0
V020,06/11/2025 00:00,04:50:00,Engine,ME2,1600,6.5,100,85,400,Fault,0,0,0,0,0,0,0,1,0
V020,06/11/2025 00:00,03:00:00,Generator,GEN2,1520,4.2,71,62.5,,Normal,0,0,0,0,0,0,1,0,1
V020,06/11/2025 00:00,05:20:00,Engine,ME1,1300,5,88,72,375,Normal,0,0,0,0,0,0,0,0,0
V020,06/11/2025 00:00,05:20:00,Engine,ME2,1300,5,88,71.5,375,Normal,0,0,0,0,0,0,0,0,0
V020,06/11/2025 00:00,03:30:00,Generator,GEN2,1530,4.25,71.5,63.5,,Normal,0,0,0,0,0,0,1,0,1
V020,06/11/2025 00:00,05:50:00,Engine,ME1,1000,4.2,86,69,370,Normal,0,0,0,0,0,0,0,0,0
V020,06/11/2025 00:00,05:50:00,Engine,ME2,1000,4.2,86,69,370,Normal,0,0,0,0,0,0,0,0,0
V020,06/11/2025 00:00,10:00:00,Generator,GEN2,1520,4.15,70,62,,Normal,0,0,0,0,0,0,1,0,1
V020,06/11/2025 00:00,06:20:00,Engine,ME1,800,4,85,67,365,Normal,0,0,0,0,0,0,0,0,0
V020,06/11/2025 00:00,06:20:00,Engine,ME2,800,4,85,67,365,Normal,0,0,0,0,0,0,0,0,0
V020,06/11/2025 00:00,10:30:00,Generator,GEN2,1530,4.2,71,63,,Normal,0,0,0,0,0,0,1,0,1
V020,06/11/2025 00:00,06:50:00,Engine,ME1,650,3.9,84,65,364,Normal,0,0,0,0,0,0,0,0,0
V020,06/11/2025 00:00,06:50:00,Engine,ME2,650,3.9,84,65,364.5,Normal,0,0,0,0,0,0,0,0,0
V020,06/11/2025 00:00,11:00:00,Generator,GEN2,1540,4.3,72,64,,Normal,0,0,0,0,0,0,1,0,1
V021,08/11/2025 00:00,06:50:00,Engine,ME1,640,3.9,84,64,364,Normal,0,0,0,0,0,0,0,0,0
V021,08/11/2025 00:00,06:50:00,Engine,ME2,650,3.9,84,64,364,Normal,0,0,0,0,0,0,0,0,0
V021,08/11/2025 00:00,05:00:00,Generator,GEN2,1540,4.1,72.5,66,,Normal,0,0,0,0,0,0,1,0,1
V021,08/11/2025 00:00,07:20:00,Engine,ME1,800,4.2,86,67,368,Normal,0,0,0,0,0,0,0,0,0
V021,08/11/2025 00:00,07:20:00,Engine,ME2,800,4.2,86,67,368,Normal,0,0,0,0,0,0,0,0,0
V021,08/11/2025 00:00,05:30:00,Generator,GEN2,1540,6.5,100,85,,Fault,0,0,0,0,0,0,1,1,1
V021,08/11/2025 00:00,07:50:00,Engine,ME1,1000,4.5,88,68,370,Normal,0,0,0,0,0,0,0,0,0
V021,08/11/2025 00:00,07:50:00,Engine,ME2,1000,4.4,87,68,370,Normal,0,0,0,0,0,0,0,0,0
V021,08/11/2025 00:00,06:00:00,Generator,GEN2,1530,4,71.5,65,,Normal,0,0,0,0,0,0,1,0,1
V021,08/11/2025 00:00,08:20:00,Engine,ME1,1300,5,90,70,375,Normal,0,0,0,0,0,0,0,0,0
V021,08/11/2025 00:00,08:20:00,Engine,ME2,1300,5,90,70,375,Normal,0,0,0,0,0,0,0,0,0
V021,08/11/2025 00:00,06:30:00,Generator,GEN2,1520,3.9,71,64.8,,Normal,0,0,0,0,0,0,1,0,1
V021,08/11/2025 00:00,08:50:00,Engine,ME1,1600,5.82,93.5,75,380,Normal,0,0,0,0,0,0,0,0,0
V021,08/11/2025 00:00,08:50:00,Engine,ME2,1600,5.73,93.5,74,380,Normal,0,0,0,0,0,0,0,0,0
V021,08/11/2025 00:00,07:00:00,Generator,GEN2,1510,3.8,70,64,,Normal,0,0,0,0,0,0,1,0,1
V021,08/11/2025 00:00,09:20:00,Engine,ME1,1600,6.5,100,85,400,Fault,0,0,0,0,0,0,0,1,0
V021,08/11/2025 00:00,08:20:00,Engine,ME2,1590,5.64,93,73.5,379,Normal,0,0,0,0,0,0,0,0,0
V021,08/11/2025 00:00,07:30:00,Generator,GEN2,1520,3.9,71,64.6,,Normal,0,0,0,0,0,0,1,0,1
V021,08/11/2025 00:00,09:50:00,Engine,ME1,1580,5.6,92,74,378,Normal,0,0,0,0,0,0,0,0,0
V021,08/11/2025 00:00,09:50:00,Engine,ME2,1600,6.5,100,85,400,Fault,0,0,0,0,0,0,0,1,0
V021,08/11/2025 00:00,08:30:00,Generator,GEN2,1530,4,71.5,65,,Normal,0,0,0,0,0,0,1,0,1
V021,08/11/2025 00:00,10:20:00,Engine,ME1,1570,5.4,91.5,73.6,377,Normal,0,0,0,0,0,0,0,0,0
V021,08/11/2025 00:00,10:20:00,Engine,ME2,1590,5.7,92,73.7,378,Normal,0,0,0,0,0,0,0,0,0
V021,08/11/2025 00:00,09:00:00,Generator,GEN2,1540,6.5,100,85,,Fault,0,0,0,0,0,0,1,1,1
V021,08/11/2025 00:00,10:50:00,Engine,ME1,1590,5.7,92,74,379,Normal,0,0,0,0,0,0,0,0,0
V021,08/11/2025 00:00,10:50:00,Engine,ME2,1580,5.6,91.5,72.5,378,Normal,0,0,0,0,0,0,0,0,0
V021,08/11/2025 00:00,09:30:00,Generator,GEN2,1530,4.1,71,65,,Normal,0,0,0,0,0,0,1,0,1
V021,08/11/2025 00:00,11:20:00,Engine,ME1,1600,6.5,100,85,400,Fault,0,0,0,0,0,0,0,1,0
V021,08/11/2025 00:00,11:20:00,Engine,ME2,1590,5.7,92.5,73,378,Normal,0,0,0,0,0,0,0,0,0
V021,08/11/2025 00:00,10:00:00,Generator,GEN2,1537,4.14,71.5,66,,Normal,0,0,0,0,0,0,1,0,1
V021,08/11/2025 00:00,11:50:00,Engine,ME1,1590,5.5,92,73,378,Normal,0,0,0,0,0,0,0,0,0
V021,08/11/2025 00:00,11:50:00,Engine,ME2,1600,6.5,100,85,400,Fault,0,0,0,0,0,0,0,1,0
V021,08/11/2025 00:00,10:30:00,Generator,GEN2,1540,4.1,71.7,66.1,,Normal,0,0,0,0,0,0,1,0,1
V021,08/11/2025 00:00,12:20:00,Engine,ME1,1550,5.3,90,70,377,Normal,0,0,0,0,0,0,0,0,0
V021,08/11/2025 00:00,12:20:00,Engine,ME2,1560,5.5,90.5,70.5,377,Normal,0,0,0,0,0,0,0,0,0
V021,08/11/2025 00:00,11:00:00,Generator,GEN2,1540,6.5,100,85,,Fault,0,0,0,0,0,0,1,1,1
V021,08/11/2025 00:00,12:50:00,Engine,ME1,1570,5.7,90,72,377,Normal,0,0,0,0,0,0,0,0,0
V021,08/11/2025 00:00,12:50:00,Engine,ME2,1560,5.6,90,71,377,Normal,0,0,0,0,0,0,0,0,0
V021,08/11/2025 00:00,11:30:00,Generator,GEN2,1530,4.1,70,64,,Normal,0,0,0,0,0,0,1,0,1
V021,08/11/2025 00:00,13:20:00,Engine,ME1,1600,6.5,100,85,400,Fault,0,0,0,0,0,0,0,1,0
V021,08/11/2025 00:00,13:20:00,Engine,ME2,1570,5.7,91,72,378,Normal,0,0,0,0,0,0,0,0,0
V021,08/11/2025 00:00,12:00:00,Generator,GEN2,1540,6.5,100,85,,Fault,0,0,0,0,0,0,1,1,1
V021,08/11/2025 00:00,13:50:00,Engine,ME1,1300,5,88,69.5,373,Normal,0,0,0,0,0,0,0,0,0
V021,08/11/2025 00:00,13:50:00,Engine,ME2,1300,5,89,70,373,Normal,0,0,0,0,0,0,0,0,0
V021,08/11/2025 00:00,12:30:00,Generator,GEN2,1530,4,70,64,,Normal,0,0,0,0,0,0,1,0,1
V021,08/11/2025 00:00,14:20:00,Engine,ME1,1000,4.8,86,68,370,Normal,0,0,0,0,0,0,0,0,0
V021,08/11/2025 00:00,14:20:00,Engine,ME2,1000,4.8,86,68,370,Normal,0,0,0,0,0,0,0,0,0
V021,08/11/2025 00:00,13:00:00,Generator,GEN2,1540,6.5,100,85,,Fault,0,0,0,0,0,0,1,1,1
V021,08/11/2025 00:00,14:50:00,Engine,ME1,800,4.3,85,66,367,Normal,0,0,0,0,0,0,0,0,0
V021,08/11/2025 00:00,14:50:00,Engine,ME2,800,4.4,85,66,367,Normal,0,0,0,0,0,0,0,0,0
V021,08/11/2025 00:00,13:30:00,Generator,GEN2,1530,4.1,70,63,,Normal,0,0,0,0,0,0,1,0,1
V021,08/11/2025 00:00,15:20:00,Engine,ME1,660,4.1,85,65.5,366,Normal,0,0,0,0,0,0,0,0,0
V021,08/11/2025 00:00,15:20:00,Engine,ME2,1600,4.15,85,65.5,366,Normal,0,0,0,0,1,1,0,0,0
V021,08/11/2025 00:00,14:00:00,Generator,GEN2,1540,4.1,71,66,,Normal,0,0,0,0,0,0,1,0,1
V021,08/11/2025 00:00,15:50:00,Engine,ME1,650,4,84,65,365,Normal,0,0,0,0,0,0,0,0,0
V021,08/11/2025 00:00,15:50:00,Engine,ME2,650,4,84,65,365,Normal,0,0,0,0,0,0,0,0,0
V021,08/11/2025 00:00,14:30:00,Generator,GEN2,1540,4.2,71,66.4,,Normal,0,0,0,0,0,0,1,0,1
V022,09/11/2025 00:00,06:50:00,Engine,ME1,650,3.85,83.5,64.5,364,Normal,0,0,0,0,0,0,0,0,0
V022,09/11/2025 00:00,06:50:00,Engine,ME2,660,3.86,83.7,64.8,364,Normal,0,0,0,0,0,0,0,0,0
V022,09/11/2025 00:00,05:00:00,Generator,GEN2,1540,4.1,74,68,,Normal,0,0,0,0,0,0,1,0,1
V022,09/11/2025 00:00,07:20:00,Engine,ME1,800,4.2,86,66,366,Normal,0,0,0,0,0,0,0,0,0
V022,09/11/2025 00:00,07:20:00,Engine,ME2,800,4.24,86,66,366,Normal,0,0,0,0,0,0,0,0,0
V022,09/11/2025 00:00,05:30:00,Generator,GEN2,1540,6.5,100,85,,Fault,0,0,0,0,0,0,1,1,1
V022,09/11/2025 00:00,07:50:00,Engine,ME1,1000,4.5,88,67,370,Normal,0,0,0,0,0,0,0,0,0
V022,09/11/2025 00:00,07:50:00,Engine,ME2,1000,4.5,88,67,370,Normal,0,0,0,0,0,0,0,0,0
V022,09/11/2025 00:00,06:00:00,Generator,GEN2,1530,4,73.4,67,,Normal,0,0,0,0,0,0,1,0,1
V022,09/11/2025 00:00,08:20:00,Engine,ME1,1200,4.9,89,69,370,Normal,0,0,0,0,0,0,0,0,0
V022,09/11/2025 00:00,08:20:00,Engine,ME2,1200,4.9,89,69,370,Normal,0,0,0,0,0,0,0,0,0
V022,09/11/2025 00:00,06:30:00,Generator,GEN2,1520,3.95,73,66,,Normal,0,0,0,0,0,0,1,0,1
V022,09/11/2025 00:00,08:50:00,Engine,ME1,1400,5.2,91.5,71,373,Normal,0,0,0,0,0,0,0,0,0
V022,09/11/2025 00:00,08:50:00,Engine,ME2,1400,5.2,91.7,71.5,374,Normal,0,0,0,0,0,0,0,0,0
V022,09/11/2025 00:00,07:00:00,Generator,GEN2,1520,3.8,72.5,65,,Normal,0,0,0,0,0,0,1,0,1
V022,09/11/2025 00:00,09:20:00,Engine,ME1,1600,5.79,94.3,76,380,Normal,0,0,0,0,0,0,0,0,0
V022,09/11/2025 00:00,09:20:00,Engine,ME2,1600,5.82,94,74,380,Normal,0,0,0,0,0,0,0,0,0
V022,09/11/2025 00:00,07:30:00,Generator,GEN2,1510,3.7,72,64.5,,Normal,0,0,0,0,0,0,1,0,1
V022,09/11/2025 00:00,09:50:00,Engine,ME1,1600,6.5,100,85,400,Fault,0,0,0,0,0,0,0,1,0
V022,09/11/2025 00:00,09:50:00,Engine,ME2,1590,5.7,93.4,73,377,Normal,0,0,0,0,0,0,0,0,0
V022,09/11/2025 00:00,08:00:00,Generator,GEN2,1520,3.8,73,65.5,,Normal,0,0,0,0,0,0,1,0,1
V022,09/11/2025 00:00,10:20:00,Engine,ME1,1590,5.7,93.2,75,377,Normal,0,0,0,0,0,0,0,0,0
V022,09/11/2025 00:00,10:20:00,Engine,ME2,1600,6.5,100,85,400,Fault,0,0,0,0,0,0,0,1,0
V022,09/11/2025 00:00,08:30:00,Generator,GEN2,1530,4,73,66,,Normal,1,0,0,0,0,1,1,0,1
V022,09/11/2025 00:00,10:50:00,Engine,ME1,1580,5.6,92.5,74,375,Normal,0,0,0,0,0,0,0,0,0
V022,09/11/2025 00:00,10:50:00,Engine,ME2,1590,5.8,93,73,375,Normal,0,0,0,0,0,0,0,0,0
V022,09/11/2025 00:00,09:00:00,Generator,GEN2,1540,6.5,100,85,,Fault,0,0,0,0,0,0,1,1,1
V022,09/11/2025 00:00,11:20:00,Engine,ME1,1570,5.5,92,73,374,Normal,0,0,0,0,0,0,0,0,0
V022,09/11/2025 00:00,11:20:00,Engine,ME2,1580,5.7,92.5,72.6,375,Normal,0,0,0,0,0,0,0,0,0
V022,09/11/2025 00:00,09:30:00,Generator,GEN2,1530,4,73,66,,Normal,0,0,0,0,0,0,1,0,1
V022,09/11/2025 00:00,11:50:00,Engine,ME1,1600,6.5,100,85,400,Fault,0,0,0,0,0,0,0,1,0
V022,09/11/2025 00:00,11:50:00,Engine,ME2,1570,5.6,92,72,375,Normal,0,0,0,0,0,0,0,0,0
V022,09/11/2025 00:00,10:30:00,Generator,GEN2,1520,3.93,72,66,,Normal,0,0,0,0,0,0,1,0,1
V022,09/11/2025 00:00,12:20:00,Engine,ME1,1550,5.4,90,72,374,Normal,0,0,0,0,0,0,0,0,0
V022,09/11/2025 00:00,12:20:00,Engine,ME2,1600,6.5,100,85,400,Fault,0,0,0,0,0,0,0,1,0
V022,09/11/2025 00:00,11:00:00,Generator,GEN2,1510,3.7,71,65,,Normal,0,0,0,0,0,0,1,0,1
V022,09/11/2025 00:00,12:50:00,Engine,ME1,1560,5.5,90.5,72.5,375,Normal,0,0,0,0,0,0,0,0,0
V022,09/11/2025 00:00,12:50:00,Engine,ME2,1550,5.5,90,71.7,375,Normal,0,0,0,0,0,0,0,0,0
V022,09/11/2025 00:00,11:30:00,Generator,GEN2,1540,6.5,100,85,,Fault,0,0,0,0,0,0,1,1,1
V022,09/11/2025 00:00,13:20:00,Engine,ME1,1570,5.6,91,73,376,Normal,0,0,0,0,0,0,0,0,0
V022,09/11/2025 00:00,13:20:00,Engine,ME2,1560,5.54,90.5,72,376,Normal,0,0,0,0,0,0,0,0,0
V022,09/11/2025 00:00,12:30:00,Generator,GEN2,1530,4,73,67,,Normal,0,0,0,0,0,0,1,0,1
V022,09/11/2025 00:00,13:50:00,Engine,ME1,1580,5.7,91.6,74,377,Normal,0,0,0,0,0,0,0,0,0
V022,09/11/2025 00:00,13:50:00,Engine,ME2,1570,5.6,91,73,377,Normal,0,0,0,0,0,0,0,0,0
V022,09/11/2025 00:00,13:00:00,Generator,GEN2,1520,3.94,72,66,,Normal,0,0,0,0,0,0,1,0,1
V022,09/11/2025 00:00,14:20:00,Engine,ME1,1300,5,89,72,374,Normal,0,0,0,0,0,0,0,0,0
V022,09/11/2025 00:00,14:20:00,Engine,ME2,1300,5,89,71,374,Normal,0,0,0,0,0,0,0,0,0
V022,09/11/2025 00:00,13:30:00,Generator,GEN2,1530,4,73,67,,Normal,0,0,0,0,0,0,1,0,1
V022,09/11/2025 00:00,14:50:00,Engine,ME1,1100,4.8,87,71,372,Normal,0,0,0,0,0,0,0,0,0
V022,09/11/2025 00:00,14:50:00,Engine,ME2,1100,4.78,86.5,70,372,Normal,0,0,0,0,0,0,0,0,0
V022,09/11/2025 00:00,14:00:00,Generator,GEN2,1540,6.5,100,85,,Fault,0,0,0,0,0,0,1,1,1
V022,09/11/2025 00:00,15:20:00,Engine,ME1,800,4.4,85,69,368,Normal,0,0,0,0,0,0,0,0,0
V022,09/11/2025 00:00,15:20:00,Engine,ME2,800,4.3,84.5,68,368,Normal,0,0,0,0,0,0,0,0,0
V022,09/11/2025 00:00,14:30:00,Generator,GEN2,1530,4,73,66,,Normal,0,0,0,0,0,0,1,0,1
V022,09/11/2025 00:00,15:50:00,Engine,ME1,650,4,84,65,365,Normal,0,0,0,0,0,0,0,0,0
V022,09/11/2025 00:00,15:50:00,Engine,ME2,660,4,84,65,365,Normal,0,0,0,0,0,0,0,0,0
V022,09/11/2025 00:00,15:00:00,Generator,GEN2,1540,4.1,73.7,66,,Normal,0,0,0,0,0,0,1,0,1
V023,11/11/2025 00:00,06:50:00,Engine,ME1,650,3.9,84,64.5,365,Normal,0,0,0,0,0,0,0,0,0
V023,11/11/2025 00:00,06:50:00,Engine,ME2,650,3.9,84,64.5,365,Normal,0,0,0,0,0,0,0,0,0
V023,11/11/2025 00:00,05:00:00,Generator,GEN2,1540,4.1,72,66,,Normal,0,0,0,0,0,0,1,0,1
V023,11/11/2025 00:00,07:20:00,Engine,ME1,800,4.4,87,66,368,Normal,0,0,0,0,0,0,0,0,0
V023,11/11/2025 00:00,07:20:00,Engine,ME2,800,4.4,87,66,368,Normal,0,0,0,0,0,0,0,0,0
V023,11/11/2025 00:00,05:30:00,Generator,GEN2,1540,6.5,100,85,,Fault,0,0,0,0,0,0,1,1,1
V023,11/11/2025 00:00,07:50:00,Engine,ME1,1000,4.8,89,68,370,Normal,0,0,0,0,0,0,0,0,0
V023,11/11/2025 00:00,07:50:00,Engine,ME2,1000,4.8,89,68,370,Normal,0,0,0,0,0,0,0,0,0
V023,11/11/2025 00:00,06:00:00,Generator,GEN2,1530,4,71,65,,Normal,0,0,0,0,0,0,1,0,1
V023,11/11/2025 00:00,08:20:00,Engine,ME1,1300,5.3,91,73,375,Normal,0,0,0,0,0,0,0,0,0
V023,11/11/2025 00:00,08:20:00,Engine,ME2,1300,5.3,91,71,375,Normal,0,0,0,0,0,0,0,0,0
V023,11/11/2025 00:00,06:30:00,Generator,GEN2,1540,6.5,100,85,,Fault,0,0,0,0,0,0,1,1,1
V023,11/11/2025 00:00,08:50:00,Engine,ME1,1600,6.33,93.5,76,380,Normal,0,0,0,0,0,0,0,0,0
V023,11/11/2025 00:00,08:50:00,Engine,ME2,1600,6.21,93.5,74,380,Normal,0,0,0,0,0,0,0,0,0
V023,11/11/2025 00:00,07:00:00,Generator,GEN2,1530,4,71,65,,Normal,0,0,0,0,0,0,1,0,1
V023,11/11/2025 00:00,09:20:00,Engine,ME1,1600,6.5,100,85,400,Fault,0,0,0,0,0,0,0,1,0
V023,11/11/2025 00:00,09:20:00,Engine,ME2,1590,6,92.5,73.1,379,Normal,0,0,0,0,0,0,0,0,0
V023,11/11/2025 00:00,07:30:00,Generator,GEN2,1520,3.95,70.4,64.5,,Normal,0,0,0,0,0,0,1,0,1
V023,11/11/2025 00:00,09:50:00,Engine,ME1,1590,6,92,72.4,378,Normal,0,0,0,0,0,0,0,0,0
V023,11/11/2025 00:00,09:50:00,Engine,ME2,1600,6.5,100,85,400,Fault,0,0,0,0,0,0,0,1,0
V023,11/11/2025 00:00,08:00:00,Generator,GEN2,1530,4,71,65.4,,Normal,0,0,0,0,0,0,1,0,1
V023,11/11/2025 00:00,10:20:00,Engine,ME1,1580,5.95,92,72,377,Normal,0,0,0,0,0,0,0,0,0
V023,11/11/2025 00:00,10:20:00,Engine,ME2,1590,6.1,93,73,379,Normal,0,0,0,0,0,0,0,0,0
V023,11/11/2025 00:00,08:30:00,Generator,GEN2,1540,6.5,100,85,,Fault,0,0,0,0,0,0,1,1,1
V023,11/11/2025 00:00,10:50:00,Engine,ME1,1570,5.76,91,71,376,Normal,0,0,0,0,0,0,0,0,0
V023,11/11/2025 00:00,10:50:00,Engine,ME2,1580,6,92,72,377,Normal,0,0,0,0,0,0,0,0,0
V023,11/11/2025 00:00,09:30:00,Generator,GEN2,1530,4,72,65,,Normal,0,0,0,0,0,0,1,0,1
V023,11/11/2025 00:00,11:20:00,Engine,ME1,1560,5.5,90,70.5,375,Normal,0,0,0,0,0,0,0,0,0
V023,11/11/2025 00:00,11:20:00,Engine,ME2,1570,5.8,91,71.4,375.5,Normal,0,0,0,0,0,0,0,0,0
V023,11/11/2025 00:00,10:00:00,Generator,GEN2,1520,3.9,71.5,69.7,,Normal,0,0,0,0,0,0,1,0,1
V023,11/11/2025 00:00,11:50:00,Engine,ME1,1600,6.5,100,85,400,Fault,0,0,0,0,0,0,0,1,0
V023,11/11/2025 00:00,11:50:00,Engine,ME2,1560,5.4,90,71,374,Normal,0,0,0,0,0,0,0,0,0
V023,11/11/2025 00:00,10:30:00,Generator,GEN2,1540,6.5,100,85,,Fault,0,0,0,0,0,0,1,1,1
V023,11/11/2025 00:00,12:20:00,Engine,ME1,1300,5.2,89,70,373,Normal,0,0,0,0,0,0,0,0,0
V023,11/11/2025 00:00,12:20:00,Engine,ME2,1300,5.3,90,70,373,Normal,0,0,0,0,0,0,0,0,0
V023,11/11/2025 00:00,11:00:00,Generator,GEN2,1530,4,71.3,64.7,,Normal,0,0,0,0,0,0,1,0,1
V023,11/11/2025 00:00,12:50:00,Engine,ME1,1000,4.8,87,69,370,Normal,0,0,0,0,0,0,0,0,0
V023,11/11/2025 00:00,12:50:00,Engine,ME2,1000,4.9,88,69.4,371,Normal,0,0,0,0,0,0,0,0,0
V023,11/11/2025 00:00,11:30:00,Generator,GEN2,1520,4,71,64,,Normal,0,0,0,0,0,0,1,0,1
V023,11/11/2025 00:00,13:20:00,Engine,ME1,800,4.4,86,67,367,Normal,0,0,0,0,0,0,0,0,0
V023,11/11/2025 00:00,13:20:00,Engine,ME2,800,4.4,86,66,367,Normal,0,0,0,0,0,0,0,0,0
V023,11/11/2025 00:00,12:00:00,Generator,GEN2,1530,4.1,72,65,,Normal,0,0,0,0,0,0,1,0,1
V023,11/11/2025 00:00,13:50:00,Engine,ME1,650,3.9,84,65,365,Normal,0,0,0,0,0,0,0,0,0
V023,11/11/2025 00:00,13:50:00,Engine,ME2,650,3.9,84,64.6,365,Normal,0,0,0,0,0,0,0,0,0
V023,11/11/2025 00:00,12:30:00,Generator,GEN2,1540,4.1,73,66,,Normal,0,0,0,0,0,0,1,0,1
V024,12/11/205,07:20:00,Engine,ME1,650,3.8,83,64,365,Normal,0,0,0,0,0,0,0,0,0
V024,12/11/205,07:20:00,Engine,ME2,660,3.8,83,64,365,Normal,0,0,0,0,0,0,0,0,0
V024,12/11/205,05:00:00,Generator,GEN2,1540,4.2,72,66,,Normal,0,0,0,0,0,0,1,0,1
V024,12/11/205,07:50:00,Engine,ME1,800,4.3,86,66,367,Normal,0,0,0,0,0,0,0,0,0
V024,12/11/205,07:50:00,Engine,ME2,800,4.3,86,66,367,Normal,0,0,0,0,0,0,0,0,0
V024,12/11/205,05:30:00,Generator,GEN2,1540,6.5,100,85,,Fault,0,0,0,0,0,0,1,1,1
V024,12/11/205,08:20:00,Engine,ME1,1000,4.8,88,68,370,Normal,0,0,0,0,0,0,0,0,0
V024,12/11/205,08:20:00,Engine,ME2,1000,4.8,88,68,370,Normal,0,0,0,0,0,0,0,0,0
V024,12/11/205,06:00:00,Generator,GEN2,1530,4.1,71,64,,Normal,0,0,0,0,0,0,1,0,1
V024,12/11/205,08:50:00,Engine,ME1,1200,5.2,90,70,374,Normal,0,0,0,0,0,0,0,0,0
V024,12/11/205,08:50:00,Engine,ME2,1200,5.2,89,70,374,Normal,0,0,0,0,0,0,0,0,0
V024,12/11/205,06:30:00,Generator,GEN2,1520,4,70.5,63.5,,Normal,0,0,0,0,0,0,1,0,1
V024,12/11/205,09:20:00,Engine,ME1,1400,5.5,91.5,71,378,Normal,0,0,0,0,0,0,0,0,0
V024,12/11/205,09:20:00,Engine,ME2,1400,5.5,91.7,71,378,Normal,0,0,0,0,0,0,0,0,0
V024,12/11/205,07:00:00,Generator,GEN2,1430,4.1,71,64,,Normal,0,0,0,0,0,0,1,0,1
V024,12/11/205,09:50:00,Engine,ME1,1600,6.32,93.5,75,380,Normal,0,0,0,0,0,0,0,0,0
V024,12/11/205,09:50:00,Engine,ME2,1600,6.21,93.8,73,380,Normal,0,0,0,0,0,0,0,0,0
V024,12/11/205,07:30:00,Generator,GEN2,1540,6.5,100,85,,Fault,0,0,0,0,0,0,1,1,1
V024,12/11/205,10:20:00,Engine,ME1,1600,6.5,100,85,400,Fault,0,0,0,0,0,0,0,1,0
V024,12/11/205,10:20:00,Engine,ME2,1590,6.1,92.8,72,378,Normal,0,0,0,0,0,0,0,0,0
V024,12/11/205,08:00:00,Generator,GEN2,1530,4.1,72,65,,Normal,0,0,0,0,0,0,1,0,1
V024,12/11/205,10:50:00,Engine,ME1,1590,6.1,91,73.5,379,Normal,0,0,0,0,0,0,0,0,0
V024,12/11/205,10:50:00,Engine,ME2,1600,6.5,100,85,400,Fault,0,0,0,0,0,0,0,1,0
V024,12/11/205,08:30:00,Generator,GEN2,1540,6.5,100,85,,Fault,0,0,0,0,0,0,1,1,1
V024,12/11/205,11:20:00,Engine,ME1,1580,6,90.4,73,378,Normal,0,0,0,0,0,0,0,0,0
V024,12/11/205,11:20:00,Engine,ME2,1590,6.2,92,73,379,Normal,0,0,0,0,0,0,0,0,0
V024,12/11/205,09:00:00,Generator,GEN2,1530,4.2,72,65,,Normal,0,0,0,0,0,0,1,0,1
V024,12/11/205,11:50:00,Engine,ME1,1570,5.9,89,72,377,Normal,0,0,0,0,0,0,0,0,0
V024,12/11/205,11:50:00,Engine,ME2,1580,6,91,72,378,Normal,0,0,0,0,0,0,0,0,0
V024,12/11/205,09:30:00,Generator,GEN2,1540,6.5,100,85,,Fault,0,0,0,0,0,0,1,1,1
V024,12/11/205,12:20:00,Engine,ME1,1600,6.5,100,85,400,Fault,0,0,0,0,0,0,0,1,0
V024,12/11/205,12:20:00,Engine,ME2,1590,6.2,92,73,379,Normal,0,0,0,0,0,0,0,0,0
V024,12/11/205,10:00:00,Generator,GEN2,1540,4.2,71,65,,Normal,0,0,0,0,0,0,1,0,1
V024,12/11/205,12:50:00,Engine,ME1,1000,5,88,69,370,Normal,0,0,0,0,0,0,0,0,0
V024,12/11/205,12:50:00,Engine,ME2,1000,5,88,70,370,Normal,0,0,1,0,0,1,0,0,0
V024,12/11/205,10:30:00,Generator,GEN2,1530,4.2,73,65,,Normal,0,0,0,0,0,0,1,0,1
V024,12/11/205,13:20:00,Engine,ME1,800,4.3,86,67,367,Normal,0,0,0,0,0,0,0,0,0
V024,12/11/205,13:20:00,Engine,ME2,800,4.3,86,67,367,Normal,0,0,0,0,0,0,0,0,0
V024,12/11/205,11:00:00,Generator,GEN2,1520,4,70,62,,Normal,0,0,0,0,0,0,1,0,1
V024,12/11/205,13:50:00,Engine,ME1,650,4,85,65,365,Normal,0,0,0,0,0,0,0,0,0
V024,12/11/205,13:50:00,Engine,ME2,650,4,85,65,365,Normal,0,0,0,0,0,0,0,0,0
V024,12/11/205,11:30:00,Generator,GEN2,1540,4.2,72,64,,Normal,0,0,0,0,0,0,1,0,1
V025,15/11/2025,07:30:00,Engine,ME1,650,3.9,84,65,364,Normal,0,0,0,0,0,0,0,0,0
V025,15/11/2025,07:30:00,Engine,ME2,650,3.9,84,65,364,Normal,0,0,0,0,0,0,0,0,0
V025,15/11/2025,06:00:00,Generator,GEN1,1540,4.1,72,66,,Normal,0,0,0,0,0,0,1,0,1
V025,15/11/2025,08:00:00,Engine,ME1,800,4.3,87,67,367,Normal,0,0,0,0,0,0,0,0,0
V025,15/11/2025,08:00:00,Engine,ME2,800,4.4,87.5,67,367,Normal,0,0,0,0,0,0,0,0,0
V025,15/11/2025,06:30:00,Generator,GEN1,1540,6.5,100,85,,Fault,0,0,0,0,0,0,1,1,1
V025,15/11/2025,08:30:00,Engine,ME1,1000,4.8,89,69,370,Normal,0,0,0,0,0,0,0,0,0
V025,15/11/2025,08:30:00,Engine,ME2,1000,4.9,89,69,370,Normal,0,0,0,0,0,0,0,0,0
V025,15/11/2025,07:00:00,Generator,GEN1,1530,4,71,65,,Normal,0,0,0,0,0,0,1,0,1
V025,15/11/2025,09:00:00,Engine,ME1,1300,5.4,90,73,375,Normal,0,0,0,0,0,0,0,0,0
V025,15/11/2025,09:00:00,Engine,ME2,1300,5.5,91,72,375,Normal,0,0,0,0,0,0,0,0,0
V025,15/11/2025,07:30:00,Generator,GEN1,1420,3.95,70.6,64.6,,Normal,1,0,0,0,0,1,1,0,1
V025,15/11/2025,09:30:00,Engine,ME1,1600,6.22,93.5,75,380,Normal,0,0,0,0,0,0,0,0,0
V025,15/11/2025,09:30:00,Engine,ME2,1600,6.13,94,74,380,Normal,0,0,0,0,0,0,0,0,0
V025,15/11/2025,08:00:00,Generator,GEN1,1540,6.5,100,85,,Fault,0,0,0,0,0,0,1,1,1
V025,15/11/2025,10:00:00,Engine,ME1,1590,6,93,74.5,379,Normal,0,0,0,0,0,0,0,0,0
V025,15/11/2025,10:00:00,Engine,ME2,1600,6.5,100,85,400,Fault,0,0,0,0,0,0,0,1,0
V025,15/11/2025,08:30:00,Generator,GEN1,1530,4.05,71,65,,Normal,0,0,0,0,0,0,1,0,1
V025,15/11/2025,10:30:00,Engine,ME1,1590,6,93.4,73,378,Normal,0,0,0,0,0,0,0,0,0
V025,15/11/2025,10:30:00,Engine,ME2,1600,6.5,100,85,400,Fault,0,0,0,0,0,0,0,1,0
V025,15/11/2025,09:00:00,Generator,GEN1,1540,6.5,100,85,,Fault,0,0,0,0,0,0,1,1,1
V025,15/11/2025,11:00:00,Engine,ME1,1580,5.9,92,73,379,Normal,0,0,0,0,0,0,0,0,0
V025,15/11/2025,11:00:00,Engine,ME2,1590,6,93,73,379,Normal,0,0,0,0,0,0,0,0,0
V025,15/11/2025,09:30:00,Generator,GEN1,1530,4,71,64,,Normal,0,0,0,0,0,0,1,0,1
V025,15/11/2025,11:30:00,Engine,ME1,1570,5.6,91,72,377,Normal,0,0,0,0,0,0,0,0,0
V025,15/11/2025,11:30:00,Engine,ME2,1600,6.5,100,85,400,Fault,0,0,0,0,0,0,0,1,0
V025,15/11/2025,10:00:00,Generator,GEN1,1520,3.9,70,63,,Normal,0,0,0,0,0,0,1,0,1
V025,15/11/2025,12:00:00,Engine,ME1,1600,6.5,100,85,400,Fault,0,0,0,0,0,0,0,1,0
V025,15/11/2025,12:00:00,Engine,ME2,1590,6.2,92.3,73,378,Normal,0,0,0,0,0,0,0,0,0
V025,15/11/2025,10:30:00,Generator,GEN1,1530,4,71,64,,Normal,0,0,0,0,0,0,1,0,1
V025,15/11/2025,12:30:00,Engine,ME1,1590,6.2,92,73,378,Normal,0,0,0,0,0,0,0,0,0
V025,15/11/2025,12:30:00,Engine,ME2,1580,6.1,91,72,377,Normal,0,0,0,0,0,0,0,0,0
V025,15/11/2025,11:00:00,Generator,GEN1,1540,6.5,100,85,,Fault,0,0,0,0,0,0,1,1,1
V025,15/11/2025,13:00:00,Engine,ME1,1560,5.8,90,71,376,Normal,0,0,0,0,0,0,0,0,0
V025,15/11/2025,13:00:00,Engine,ME2,1550,5.7,89,70.5,375,Normal,0,0,0,0,0,0,0,0,0
V025,15/11/2025,11:30:00,Generator,GEN1,1530,4,70,65,,Normal,0,0,0,0,0,0,1,0,1
V025,15/11/2025,13:30:00,Engine,ME1,1300,5,89,70,373,Normal,0,0,0,0,0,0,0,0,0
V025,15/11/2025,13:30:00,Engine,ME2,1300,5,89,70,373,Normal,0,0,0,0,0,0,0,0,0
V025,15/11/2025,12:00:00,Generator,GEN1,1540,6.5,100,85,,Fault,0,0,0,0,0,0,1,1,1
V025,15/11/2025,14:00:00,Engine,ME1,1000,4.8,87,68,370,Normal,0,0,0,0,0,0,0,0,0
V025,15/11/2025,14:00:00,Engine,ME2,1000,4.8,87,68,370,Normal,0,0,0,0,0,0,0,0,0
V025,15/11/2025,12:30:00,Generator,GEN1,1530,4,71,65,,Normal,0,0,0,0,0,0,1,0,1
V025,15/11/2025,14:30:00,Engine,ME1,800,4.3,86,67,367,Normal,0,0,0,0,0,0,0,0,0
V025,15/11/2025,14:30:00,Engine,ME2,800,4.3,86,67,367,Normal,0,0,0,0,0,0,0,0,0
V025,15/11/2025,13:30:00,Generator,GEN1,1520,3.9,70,63,,Normal,0,0,0,0,0,0,1,0,1
V025,15/11/2025,15:00:00,Engine,ME1,660,4,85,66,366,Normal,0,0,0,0,0,0,0,0,0
V025,15/11/2025,15:00:00,Engine,ME2,650,4,85,66,366,Normal,0,0,0,0,0,0,0,0,0
V025,15/11/2025,14:00:00,Generator,GEN1,1530,4,71,63,,Normal,0,0,0,0,0,0,1,0,1
V025,15/11/2025,15:30:00,Engine,ME1,650,3.9,84,65,365,Normal,0,0,0,0,0,0,0,0,0
V025,15/11/2025,15:30:00,Engine,ME2,650,3.9,84,65,365,Normal,0,0,0,0,0,0,0,0,0
V025,15/11/2025,14:30:00,Generator,GEN1,1540,4.1,71,65,,Normal,0,0,0,0,0,0,1,0,1
V026,16/11/2025,06:50:00,Engine,ME1,650,3.9,85,65,364,Normal,0,0,0,0,0,0,0,0,0
V026,16/11/2025,06:50:00,Engine,ME2,660,3.8,85,65,364,Normal,0,0,0,0,0,0,0,0,0
V026,16/11/2025,05:00:00,Generator,GEN2,1540,4.1,72,66,,Normal,0,0,0,0,0,0,1,0,1
V026,16/11/2025,07:20:00,Engine,ME1,800,4.2,87,67,365,Normal,0,0,0,0,0,0,0,0,0
V026,16/11/2025,07:20:00,Engine,ME2,800,4.3,87,67,365,Normal,0,0,0,0,0,0,0,0,0
V026,16/11/2025,05:30:00,Generator,GEN2,1540,6.5,100,85,,Fault,0,0,0,0,0,0,1,1,1
V026,16/11/2025,07:50:00,Engine,ME1,1000,4.6,89,69,367,Normal,0,0,0,0,0,0,0,0,0
V026,16/11/2025,07:50:00,Engine,ME2,1000,4.6,89,69,367,Normal,0,0,0,0,0,0,0,0,0
V026,16/11/2025,06:00:00,Generator,GEN2,1530,4,71,65,,Normal,0,0,0,0,0,0,1,0,1
V026,16/11/2025,08:20:00,Engine,ME1,1200,5,90,70,370,Normal,0,0,0,0,0,0,0,0,0
V026,16/11/2025,08:20:00,Engine,ME2,1200,5,90,70,370,Normal,0,0,0,0,0,0,0,0,0
V026,16/11/2025,06:30:00,Generator,GEN2,1520,3.95,70,64,,Normal,0,0,0,0,0,0,1,0,1
V026,16/11/2025,08:50:00,Engine,ME1,1400,5.6,91,72,375,Normal,0,0,0,0,0,0,0,0,0
V026,16/11/2025,08:50:00,Engine,ME2,1400,5.6,91,73,375,Normal,0,0,0,0,0,0,0,0,0
V026,16/11/2025,07:00:00,Generator,GEN2,1540,6.4,100,85,,Fault,0,0,0,0,0,0,1,1,1
V026,16/11/2025,09:20:00,Engine,ME1,1600,6.11,94.3,76,380,Normal,0,0,0,0,0,0,0,0,0
V026,16/11/2025,09:20:00,Engine,ME2,1600,6.06,94.6,74,380,Normal,0,0,0,0,0,0,0,0,0
V026,16/11/2025,07:30:00,Generator,GEN2,1430,4,71,65,,Normal,0,0,0,0,0,0,1,0,1
V026,16/11/2025,09:50:00,Engine,ME1,1600,6.5,100,85,400,Fault,0,0,0,0,0,0,0,1,0
V026,16/11/2025,09:50:00,Engine,ME2,1590,6,93.5,73,378,Normal,0,0,0,0,0,0,0,0,0
V026,16/11/2025,08:00:00,Generator,GEN2,1520,3.9,70,64,,Normal,0,0,0,0,0,0,1,0,1
V026,16/11/2025,10:20:00,Engine,ME1,1590,6.1,92,72,380,Normal,0,0,0,0,0,0,0,0,0
V026,16/11/2025,10:20:00,Engine,ME2,1600,6.5,100,85,400,Fault,0,0,0,0,0,0,0,1,0
V026,16/11/2025,08:30:00,Generator,GEN2,1530,4,71,63,,Normal,0,0,0,0,0,0,1,0,1
V026,16/11/2025,10:50:00,Engine,ME1,1580,6,91,72,378,Normal,0,0,0,0,0,0,0,0,0
V026,16/11/2025,10:50:00,Engine,ME2,1590,6.1,92,73,379,Normal,0,0,0,0,0,0,0,0,0
V026,16/11/2025,09:00:00,Generator,GEN2,1540,6.5,100,85,,Fault,0,0,0,0,0,0,1,1,1
V026,16/11/2025,11:20:00,Engine,ME1,1590,6.15,91.5,72.5,379,Normal,0,0,0,0,0,0,0,0,0
V026,16/11/2025,11:20:00,Engine,ME2,1600,6.5,100,85,400,Fault,0,0,0,0,0,0,0,1,0
V026,16/11/2025,09:30:00,Generator,GEN2,1540,4.1,72,65.4,,Normal,0,0,0,0,0,0,1,0,1
V026,16/11/2025,11:50:00,Engine,ME1,1580,6.1,91,73,380,Normal,0,0,0,0,0,0,0,0,0
V026,16/11/2025,11:50:00,Engine,ME2,1590,6.2,92,73.5,380,Normal,0,0,0,0,0,0,0,0,0
V026,16/11/2025,10:00:00,Generator,GEN2,1530,4.1,72.4,65,,Normal,0,0,0,0,0,0,1,0,1
V026,16/11/2025,12:20:00,Engine,ME1,1600,6.5,100,85,400,Fault,0,0,0,0,0,0,0,1,0
V026,16/11/2025,12:20:00,Engine,ME2,1580,5.8,90,72,378,Normal,0,0,0,0,0,0,0,0,0
V026,16/11/2025,10:30:00,Generator,GEN2,1540,6.5,100,85,,Fault,0,0,0,0,0,0,1,1,1
V026,16/11/2025,12:50:00,Engine,ME1,1300,4.9,88,68,370,Normal,0,0,0,0,0,0,0,0,0
V026,16/11/2025,12:50:00,Engine,ME2,1320,5,89,69,370,Normal,0,0,0,0,0,0,0,0,0
V026,16/11/2025,11:00:00,Generator,GEN2,1530,4,71,64,,Normal,0,0,0,0,0,0,1,0,1
V026,16/11/2025,13:20:00,Engine,ME1,1000,4.7,87,67,369,Normal,0,0,0,0,0,0,0,0,0
V026,16/11/2025,13:20:00,Engine,ME2,1000,4.8,88,68,369,Normal,0,0,0,0,0,0,0,0,0
V026,16/11/2025,11:30:00,Generator,GEN2,1520,3.94,70,63,,Normal,0,0,0,0,0,0,1,0,1
V026,16/11/2025,13:50:00,Engine,ME1,800,4.4,86,66,365,Normal,0,0,0,0,0,0,0,0,0
V026,16/11/2025,13:50:00,Engine,ME2,800,4.45,86,66.4,365,Normal,0,0,0,0,0,0,0,0,0
V026,16/11/2025,12:00:00,Generator,GEN2,1510,3.9,69,62,,Normal,0,0,0,0,0,0,1,0,1
V026,16/11/2025,14:20:00,Engine,ME1,800,4.3,87,67,366,Normal,0,0,0,0,0,0,0,0,0
V026,16/11/2025,14:20:00,Engine,ME2,800,4.4,87,67.4,366,Normal,0,0,0,0,0,0,0,0,0
V026,16/11/2025,12:30:00,Generator,GEN2,1530,4,71,64,,Normal,0,0,0,0,0,0,1,0,1
V026,16/11/2025,14:50:00,Engine,ME1,650,4,85,65,365,Normal,0,0,0,0,0,0,0,0,0
V026,16/11/2025,14:50:00,Engine,ME2,650,4,85,65,365,Normal,0,0,0,0,0,0,0,0,0
V026,16/11/2025,13:00:00,Generator,GEN2,1540,4.1,72,66,,Normal,0,0,0,0,0,0,1,0,1
V027,18/11/2025,07:00:00,Engine,ME1,650,3.9,84.8,65,364.5,Normal,0,0,0,0,0,0,0,0,0
V027,18/11/2025,07:00:00,Engine,ME2,660,4,85,65.5,364.8,Normal,0,0,0,0,0,0,0,0,0
V027,18/11/2025,06:00:00,Generator,GEN2,1540,4.2,73,65,,Normal,0,0,0,0,0,0,1,0,1
V027,18/11/2025,07:30:00,Engine,ME1,800,4.3,85.8,66,366,Normal,0,0,0,0,0,0,0,0,0
V027,18/11/2025,07:30:00,Engine,ME2,800,4.4,86,66,366,Normal,0,0,0,0,0,0,0,0,0
V027,18/11/2025,06:30:00,Generator,GEN2,1540,6.5,100,85,,Fault,0,0,0,0,0,0,1,1,1
V027,18/11/2025,08:00:00,Engine,ME1,1000,4.8,86.9,68,368,Normal,0,0,0,0,0,0,0,0,0
V027,18/11/2025,08:00:00,Engine,ME2,1000,4.87,87,68,368,Normal,0,0,0,0,0,0,0,0,0
V027,18/11/2025,07:00:00,Generator,GEN2,1530,4.1,72,64,,Normal,0,0,0,0,0,0,1,0,1
V027,18/11/2025,08:30:00,Engine,ME1,1400,5.8,90,70,375,Normal,0,0,0,0,0,0,0,0,0
V027,18/11/2025,08:30:00,Engine,ME2,1400,5.8,90,70,375,Normal,0,0,0,0,0,0,0,0,0
V027,18/11/2025,07:30:00,Generator,GEN2,1520,4,70,63,,Normal,0,0,0,0,0,0,1,0,1
V027,18/11/2025,09:00:00,Engine,ME1,1600,6.07,92.7,75,380,Normal,0,0,0,0,0,0,0,0,0
V027,18/11/2025,09:00:00,Engine,ME2,1600,6.03,92.3,72,380,Normal,0,0,0,0,0,0,0,0,0
V027,18/11/2025,08:00:00,Generator,GEN2,1510,3.9,69.7,62.7,,Normal,0,0,0,0,0,0,1,0,1
V027,18/11/2025,09:30:00,Engine,ME1,1600,6.5,100,85,400,Fault,0,0,0,0,0,0,0,1,0
V027,18/11/2025,09:30:00,Engine,ME2,1590,5.9,90,71.6,379,Normal,0,0,0,0,0,0,0,0,0
V027,18/11/2025,08:30:00,Generator,GEN2,1540,6.5,100,85,,Fault,0,0,0,0,0,0,1,1,1
V027,18/11/2025,10:00:00,Engine,ME1,1590,5.9,90,73,379,Normal,0,0,0,0,0,0,0,0,0
V027,18/11/2025,10:00:00,Engine,ME2,1600,6.5,100,85,400,Fault,0,0,0,0,0,0,0,1,0
V027,18/11/2025,09:00:00,Generator,GEN2,1530,4.1,71,63.9,,Normal,0,0,0,0,0,0,1,0,1
V027,18/11/2025,10:30:00,Engine,ME1,1580,5.8,89.5,73,378,Normal,0,0,0,0,0,0,0,0,0
V027,18/11/2025,10:30:00,Engine,ME2,1590,5.8,89,72,378,Normal,0,0,0,0,0,0,0,0,0
V027,18/11/2025,09:30:00,Generator,GEN,1520,4,70,63,,Normal,0,0,0,0,0,0,1,0,1
V027,18/11/2025,11:00:00,Engine,ME1,1600,6.5,100,85,400,Fault,0,0,0,0,0,0,0,1,0
V027,18/11/2025,11:00:00,Engine,ME2,1570,5.5,87,70,375,Normal,0,0,0,0,0,0,0,0,0
V027,18/11/2025,10:00:00,Generator,GEN2,1540,6.5,100,85,,Fault,0,0,0,0,0,0,1,1,1
V027,18/11/2025,11:30:00,Engine,ME1,1400,5.3,86,70,373,Normal,0,0,0,0,0,0,0,0,0
V027,18/11/2025,11:30:00,Engine,ME2,1400,5.3,86,70,373,Normal,0,0,0,0,0,0,0,0,0
V027,18/11/2025,10:30:00,Generator,GEN2,1530,4.1,71,64,,Normal,0,0,0,0,0,0,1,0,1
V027,18/11/2025,12:00:00,Engine,ME1,1100,4.8,85.5,69,370,Normal,0,0,0,0,0,0,0,0,0
V027,18/11/2025,12:00:00,Engine,ME2,1100,4.8,85.5,69,370,Normal,0,0,0,0,0,0,0,0,0
V027,18/11/2025,11:00:00,Generator,GEN2,1540,6.5,100,85,,Fault,0,0,0,0,0,0,1,1,1
V027,18/11/2025,12:30:00,Engine,ME1,1000,4.3,85,67,367,Normal,0,0,0,0,0,0,0,0,0
V027,18/11/2025,12:30:00,Engine,ME2,1000,4.4,85,67,367,Normal,0,0,0,0,0,0,0,0,0
V027,18/11/2025,11:30:00,Generator,GEN2,1540,4.2,72,65.5,,Normal,0,0,0,0,0,0,1,0,1
V027,18/11/2025,13:00:00,Engine,ME1,800,4,84,66,366,Normal,0,0,0,0,0,0,0,0,0
V027,18/11/2025,13:00:00,Engine,ME2,800,4,84,66,366,Normal,0,0,0,0,0,0,0,0,0
V027,18/11/2025,12:00:00,Generator,GEN2,1530,4.16,71.7,63.7,,Normal,0,0,0,0,0,0,1,0,1
V027,18/11/2025,13:30:00,Engine,ME1,650,3.5,83,65,365,Normal,0,0,0,0,0,0,0,0,0
V027,18/11/2025,13:30:00,Engine,ME2,660,3.6,83,65,365,Normal,0,0,0,0,0,0,0,0,0
V027,18/11/2025,12:30:00,Generator,GEN2,1540,4.1,72,63.7,,Normal,0,0,0,0,0,0,1,0,1
V028,19/11/2025,07:20:00,Engine,ME1,640,3.8,84,65,364,Normal,0,0,0,0,0,0,0,0,0
V028,19/11/2025,07:20:00,Engine,ME2,650,3.9,84.8,64,364,Normal,0,0,0,0,0,0,0,0,0
V028,19/11/2025,06:00:00,Generator,GEN2,1540,4,72,65.8,,Normal,0,0,0,0,0,0,1,0,1
V028,19/11/2025,07:50:00,Engine,ME1,900,4.6,87,67,367,Normal,0,0,0,0,0,0,0,0,0
V028,19/11/2025,07:50:00,Engine,ME2,900,4.7,87,67,367,Normal,0,0,0,0,0,0,0,0,0
V028,19/11/2025,06:30:00,Generator,GEN2,1540,6.5,100,85,,Fault,0,0,0,0,0,0,1,1,1
V028,19/11/2025,08:20:00,Engine,ME1,1100,5,89,69,370,Normal,0,0,0,0,0,0,0,0,0
V028,19/11/2025,08:20:00,Engine,ME2,1100,5,89,69,370,Normal,0,0,0,0,0,0,0,0,0
V028,19/11/2025,07:00:00,Generator,GEN2,1530,4,72,64,,Normal,0,0,0,0,0,0,1,0,1
V028,19/11/2025,08:50:00,Engine,ME1,1400,5.5,90,72,376,Normal,0,0,0,0,0,0,0,0,0
V028,19/11/2025,08:50:00,Engine,ME2,1400,5.5,90,71,376,Normal,0,0,0,0,0,0,0,0,0
V028,19/11/2025,07:30:00,Generator,GEN2,1540,6.5,100,85,,Fault,0,0,0,0,0,0,1,1,1
V028,19/11/2025,09:20:00,Engine,ME1,1600,6.07,92.8,75,380,Normal,0,0,0,0,0,0,0,0,0
V028,19/11/2025,09:20:00,Engine,ME2,1600,6.05,92.5,75,380,Normal,0,0,0,0,0,0,0,0,0
V028,19/11/2025,08:00:00,Generator,GEN2,1530,4.2,72,65,,Normal,0,0,0,0,0,0,1,0,1
V028,19/11/2025,09:50:00,Engine,ME1,1600,6.5,100,85,400,Fault,0,0,0,0,0,0,0,1,0
V028,19/11/2025,09:50:00,Engine,ME2,1590,6,91,73,378,Normal,0,0,0,0,0,0,0,0,0
V028,19/11/2025,08:30:00,Generator,GEN2,1520,4,71,72,,Normal,0,0,0,0,0,0,1,0,1
V028,19/11/2025,10:20:00,Engine,ME1,1590,6,90,73,378,Normal,0,0,0,0,0,0,0,0,0
V028,19/11/2025,10:20:00,Engine,ME2,1600,6.5,100,85,400,Fault,0,0,0,0,0,0,0,1,0
V028,19/11/2025,09:00:00,Generator,GEN2,1540,4.2,72,65,,Normal,0,0,0,0,0,0,1,0,1
V028,19/11/2025,10:50:00,Engine,ME1,1580,5.9,90,72.6,378,Normal,0,0,0,0,0,0,0,0,0
V028,19/11/2025,10:50:00,Engine,ME2,1590,6.1,91,74,379,Normal,0,0,0,0,0,0,0,0,0
V028,19/11/2025,09:30:00,Generator,GEN2,1540,6.5,100,85,,Fault,0,0,0,0,0,0,1,1,1
V028,19/11/2025,11:20:00,Engine,ME1,1300,5.5,88,70,373,Normal,0,0,0,0,0,0,0,0,0
V028,19/11/2025,11:20:00,Engine,ME2,1300,5.5,88,70,373,Normal,0,0,0,0,0,0,0,0,0
V028,19/11/2025,10:00:00,Generator,GEN2,1500,3.7,67,62,,Normal,0,0,0,0,0,0,1,0,1
V028,19/11/2025,11:50:00,Engine,ME1,1000,4.8,87,69,370,Normal,0,0,0,0,0,0,0,0,0
V028,19/11/2025,11:50:00,Engine,ME2,1000,4.8,87,69,370,Normal,0,0,0,0,0,0,0,0,0
V028,19/11/2025,10:30:00,Generator,GEN2,1510,3.8,68,62.9,,Normal,0,0,0,0,0,0,1,0,1
V028,19/11/2025,12:20:00,Engine,ME1,800,4.5,86,67,368,Normal,0,0,0,0,0,0,0,0,0
V028,19/11/2025,12:20:00,Engine,ME2,800,4.5,86,67,368,Normal,0,0,0,0,0,0,0,0,0
V028,19/11/2025,11:00:00,Generator,GEN2,1520,3.91,69,63,,Normal,1,0,0,0,0,1,1,0,1
V028,19/11/2025,12:50:00,Engine,ME1,800,4.3,85,66,367,Normal,0,0,0,0,0,0,0,0,0
V028,19/11/2025,12:50:00,Engine,ME2,800,4.28,85,66,367,Normal,0,0,0,0,0,0,0,0,0
V028,19/11/2025,11:30:00,Generator,GEN2,1530,4.1,71,64,,Normal,0,0,0,0,0,0,1,0,1
V028,19/11/2025,13:20:00,Engine,ME1,660,4.1,84,65,366,Normal,0,0,0,0,0,0,0,0,0
V028,19/11/2025,13:20:00,Engine,ME2,1600,4.15,84,65,366,Normal,0,0,0,0,1,1,0,0,0
V028,19/11/2025,12:00:00,Generator,GEN2,1540,6.5,100,85,,Fault,0,0,0,0,0,0,1,1,1
V028,19/11/2025,13:50:00,Engine,ME1,650,3.9,83.8,64,365,Normal,0,0,0,0,0,0,0,0,0
V028,19/11/2025,13:50:00,Engine,ME2,650,3.9,83.7,64,365,Normal,0,0,0,0,0,0,0,0,0
V028,19/11/2025,12:30:00,Generator,GEN2,1540,4.1,72,65,,Normal,0,0,0,0,0,0,1,0,1
V029,25/11/2025,07:00:00,Engine,ME1,640,3.9,84,65,364,Normal,0,0,0,0,0,0,0,0,0
V029,25/11/2025,07:00:00,Engine,ME2,648,3.93,84,66,364,Normal,0,0,0,0,0,0,0,0,0
V029,25/11/2025,06:00:00,Generator,GEN2,1540,4.1,77,64,,Normal,0,0,0,0,0,0,1,0,1
V029,25/11/2025,07:30:00,Engine,ME1,900,4.4,87,68,366,Normal,0,0,0,0,0,0,0,0,0
V029,25/11/2025,07:30:00,Engine,ME2,900,4.4,87,68,366,Normal,0,0,0,0,0,0,0,0,0
V029,25/11/2025,06:30:00,Generator,GEN2,1540,6.5,100,85,,Fault,0,0,0,0,0,0,1,1,1
V029,25/11/2025,08:00:00,Engine,ME1,1200,4.8,89,69,370,Normal,0,0,0,0,0,0,0,0,0
V029,25/11/2025,08:00:00,Engine,ME2,1200,4.8,89,69,370,Normal,0,0,0,0,0,0,0,0,0
V029,25/11/2025,07:00:00,Generator,GEN2,1530,4.1,75,63,,Normal,0,0,0,0,0,0,1,0,1
V029,25/11/2025,08:30:00,Engine,ME1,1400,5.6,90,72,375,Normal,0,0,0,0,0,0,0,0,0
V029,25/11/2025,08:30:00,Engine,ME2,1400,5.6,90,72,375,Normal,0,0,0,0,0,0,0,0,0
V029,25/11/2025,07:30:00,Generator,GEN2,1520,4,71,62.6,,Normal,1,0,0,0,0,1,1,0,1
V029,25/11/2025,09:00:00,Engine,ME1,1600,5.9,93.8,75,380,Normal,0,0,0,0,0,0,0,0,0
V029,25/11/2025,09:00:00,Engine,ME2,1600,5.9,93.7,75,380,Normal,0,0,0,0,0,0,0,0,0
V029,25/11/2025,08:00:00,Generator,GEN2,1530,4.2,72,66,,Normal,0,0,0,0,0,0,1,0,1
V029,25/11/2025,09:30:00,Engine,ME1,1600,6.5,100,85,400,Fault,0,0,0,0,0,0,0,1,0
V029,25/11/2025,09:30:00,Engine,ME2,1590,5.8,93,74.5,379,Normal,0,0,0,0,0,0,0,0,0
V029,25/11/2025,08:30:00,Generator,GEN2,1500,3.7,69,60,,Normal,0,0,0,0,0,0,1,0,1
V029,25/11/2025,10:00:00,Engine,ME1,1590,5.8,93,73,377,Normal,0,0,0,0,0,0,0,0,0
V029,25/11/2025,10:00:00,Engine,ME2,1600,6.5,100,85,400,Fault,0,0,0,0,0,0,0,1,0
V029,25/11/2025,09:00:00,Generator,GEN2,1510,3.8,69.7,61,,Normal,0,0,0,0,0,0,1,0,1
V029,25/11/2025,10:30:00,Engine,ME1,1600,6.5,100,85,400,Fault,0,0,0,0,0,0,0,1,0
V029,25/11/2025,10:30:00,Engine,ME2,1570,5.6,91,72,376,Normal,0,0,0,0,0,0,0,0,0
V029,25/11/2025,09:30:00,Generator,GEN2,1540,6.5,100,85,,Fault,0,0,0,0,0,0,1,1,1
V029,25/11/2025,11:00:00,Engine,ME1,1560,5.4,90,71.8,376,Normal,0,0,0,0,0,0,0,0,0
V029,25/11/2025,11:00:00,Engine,ME2,1600,6.5,100,85,400,Fault,0,0,0,0,0,0,0,1,0
V029,25/11/2025,10:00:00,Generator,GEN2,1530,4,75,63,,Normal,0,0,0,0,0,0,1,0,1
V029,25/11/2025,11:30:00,Engine,ME1,1300,4.8,89,70,373,Normal,0,0,0,0,0,0,0,0,0
V029,25/11/2025,11:30:00,Engine,ME2,1300,4.8,89,70,374,Normal,0,0,0,0,0,0,0,0,0
V029,25/11/2025,10:30:00,Generator,GEN2,1500,3.7,70,61,,Normal,0,0,0,0,0,0,1,0,1
V029,25/11/2025,12:00:00,Engine,ME1,1000,4.2,87,69,370,Normal,0,0,0,0,0,0,0,0,0
V029,25/11/2025,12:00:00,Engine,ME2,1000,4.2,87,69,370,Normal,0,0,0,0,0,0,0,0,0
V029,25/11/2025,11:00:00,Generator,GEN2,1510,3.8,70,61.7,,Normal,0,0,0,0,0,0,1,0,1
V029,25/11/2025,12:30:00,Engine,ME1,800,4,86,67,367,Normal,0,0,0,0,0,0,0,0,0
V029,25/11/2025,12:30:00,Engine,ME2,800,4,86,67,367,Normal,0,0,0,0,0,0,0,0,0
V029,25/11/2025,11:30:00,Generator,GEN2,1520,3.9,70.5,62,,Normal,0,0,0,0,0,0,1,0,1
V029,25/11/2025,13:00:00,Engine,ME1,660,3.6,85,66,366,Normal,1,0,0,0,0,1,0,0,0
V029,25/11/2025,13:00:00,Engine,ME2,670,3.89,85,66,366,Normal,0,0,0,0,0,0,0,0,0
V029,25/11/2025,12:00:00,Generator,GEN2,1540,6.5,100,85,,Fault,0,0,0,0,0,0,1,1,1
V029,25/11/2025,13:30:00,Engine,ME1,650,3.9,84,65,365,Normal,1,0,0,0,0,1,0,0,0
V029,25/11/2025,13:30:00,Engine,ME2,650,3.8,84,65,365,Normal,1,0,0,0,0,1,0,0,0
V029,25/11/2025,12:30:00,Generator,GEN2,1540,4.1,76,64,,Normal,0,0,0,0,0,0,1,0,1
V030,26/11/2025,07:30:00,Engine,ME1,650,3.9,85,65,365,Normal,0,0,0,0,0,0,0,0,0
V030,26/11/2025,07:30:00,Engine,ME2,650,3.9,85,65,365,Normal,0,0,0,0,0,0,0,0,0
V030,26/11/2025,06:00:00,Generator,GEN2,1540,4.5,90.2,65.2,,Normal,0,0,0,0,0,0,1,0,1
V030,26/11/2025,08:00:00,Engine,ME1,900,4.3,87,66,367,Normal,0,0,0,0,0,0,0,0,0
V030,26/11/2025,08:00:00,Engine,ME2,900,4.3,87,66,367,Normal,0,0,0,0,0,0,0,0,0
V030,26/11/2025,06:30:00,Generator,GEN2,1540,6.5,100,85,,Fault,0,0,0,0,0,0,1,1,1
V030,26/11/2025,08:30:00,Engine,ME1,1100,4.8,88,68,369,Normal,0,0,0,0,0,0,0,0,0
V030,26/11/2025,08:30:00,Engine,ME2,1100,4.8,88,68,369,Normal,0,0,0,0,0,0,0,0,0
V030,26/11/2025,07:00:00,Generator,GEN2,1530,4.3,88,64,,Normal,0,0,0,0,0,0,1,0,1
V030,26/11/2025,09:00:00,Engine,ME1,1300,5.1,89,70,370,Normal,0,0,0,0,0,0,0,0,0
V030,26/11/2025,09:00:00,Engine,ME2,1300,5.2,89,70,370,Normal,0,0,0,0,0,0,0,0,0
V030,26/11/2025,07:30:00,Generator,GEN2,1520,4.2,87,63.4,,Normal,0,0,0,0,0,0,1,0,1
V030,26/11/2025,09:30:00,Engine,ME1,1600,5.91,92.5,75,380,Normal,0,0,0,0,0,0,0,0,0
V030,26/11/2025,09:30:00,Engine,ME2,1600,5.9,93.5,75,380,Normal,0,0,0,0,0,0,0,0,0
V030,26/11/2025,08:00:00,Generator,GEN2,1510,4.1,86,63,,Normal,0,0,0,0,0,0,1,0,1
V030,26/11/2025,10:00:00,Engine,ME1,1600,6.5,100,85,400,Fault,0,0,0,0,0,0,0,1,0
V030,26/11/2025,10:00:00,Engine,ME2,1590,5.7,92,74.4,379,Normal,0,0,0,0,0,0,0,0,0
V030,26/11/2025,08:30:00,Generator,GEN2,1540,6.5,100,85,,Fault,0,0,0,0,0,0,1,1,1
V030,26/11/2025,10:30:00,Engine,ME1,1590,5.7,92,74,380,Normal,0,0,0,0,0,0,0,0,0
V030,26/11/2025,10:30:00,Engine,ME2,1600,6.5,100,85,400,Fault,0,0,0,0,0,0,0,1,0
V030,26/11/2025,09:00:00,Generator,GEN2,1540,4.4,89,65,,Normal,0,0,0,0,0,0,1,0,1
V030,26/11/2025,11:00:00,Engine,ME1,1570,5.6,91,71,376,Normal,0,0,0,0,0,0,0,0,0
V030,26/11/2025,11:00:00,Engine,ME2,1590,5.85,92.4,73.4,379,Normal,0,0,0,0,0,0,0,0,0
V030,26/11/2025,09:30:00,Generator,GEN2,1530,4.3,88.7,64.7,,Normal,0,0,0,0,0,0,1,0,1
V030,26/11/2025,11:30:00,Engine,ME1,1550,5.4,89,72,375,Normal,0,0,0,0,0,0,0,0,0
V030,26/11/2025,11:30:00,Engine,ME2,1560,5.4,89,72,375,Normal,0,0,0,0,0,0,0,0,0
V030,26/11/2025,10:00:00,Generator,GEN2,1540,6.5,100,85,,Fault,0,0,0,0,0,0,1,1,1
V030,26/11/2025,12:00:00,Engine,ME1,1300,4.7,87,71,372,Normal,0,0,0,0,0,0,0,0,0
V030,26/11/2025,12:00:00,Engine,ME2,1300,4.7,87,71,372,Normal,0,0,0,0,0,0,0,0,0
V030,26/11/2025,10:30:00,Generator,GEN2,1540,4.3,90,65,,Normal,0,0,0,0,0,0,1,0,1
V030,26/11/2025,12:30:00,Engine,ME1,1000,4.4,86,69,369,Normal,0,0,0,0,0,0,0,0,0
V030,26/11/2025,12:30:00,Engine,ME2,1000,4.4,86,69,369,Normal,0,0,0,0,0,0,0,0,0
V030,26/11/2025,11:00:00,Generator,GEN2,1500,4.1,88,63,,Normal,0,0,0,0,0,0,1,0,1
V030,26/11/2025,13:00:00,Engine,ME1,900,4.2,85.5,68,367,Normal,0,0,0,0,0,0,0,0,0
V030,26/11/2025,13:00:00,Engine,ME2,900,4.2,85.5,68,367,Normal,0,0,0,0,0,0,0,0,0
V030,26/11/2025,11:30:00,Generator,GEN2,1510,4.2,89,64,,Normal,0,0,0,0,0,0,1,0,1
V030,26/11/2025,13:30:00,Engine,ME1,800,4,85,66,366,Normal,0,0,0,0,0,0,0,0,0
V030,26/11/2025,13:30:00,Engine,ME2,800,4,85,66,366,Normal,0,0,0,0,0,0,0,0,0
V030,26/11/2025,12:00:00,Generator,GEN2,1530,4.3,90,65,,Normal,0,0,0,0,0,0,1,0,1
V030,26/11/2025,14:00:00,Engine,ME1,650,3.9,84,65,365,Normal,0,0,0,0,0,0,0,0,0
V030,26/11/2025,14:00:00,Engine,ME2,640,3.9,84,65,365,Normal,0,0,0,0,0,0,0,0,0
V030,26/11/2025,12:30:00,Generator,GEN1,1540,4.4,90.5,65,,Normal,0,0,0,0,0,0,1,0,1
V031,29/11/2025,07:00:00,Engine,ME1,650,3.8,84,65,365,Normal,0,0,0,0,0,0,0,0,0
V031,29/11/2025,07:00:00,Engine,ME2,650,3.8,84,65,365,Normal,0,0,0,0,0,0,0,0,0
V031,29/11/2025,06:00:00,Generator,GEN1,1540,4.3,72,64,,Normal,0,0,0,0,0,0,1,0,1
V031,29/11/2025,07:30:00,Engine,ME1,800,4.3,85,66,368,Normal,0,0,0,0,0,0,0,0,0
V031,29/11/2025,07:30:00,Engine,ME2,800,4.3,85,66,368,Normal,0,0,0,0,0,0,0,0,0
V031,29/11/2025,06:30:00,Generator,GEN1,1540,6.5,100,85,,Fault,0,0,0,0,0,0,1,1,1
V031,29/11/2025,08:00:00,Engine,ME1,1000,4.5,86,66,370,Normal,0,0,0,0,0,0,0,0,0
V031,29/11/2025,08:00:00,Engine,ME2,1000,4.5,86,66,370,Normal,0,0,0,0,0,0,0,0,0
V031,29/11/2025,07:00:00,Generator,GEN1,1530,4.2,71,63,,Normal,0,0,0,0,0,0,1,0,1
V031,29/11/2025,08:30:00,Engine,ME1,1300,5,88,70,375,Normal,0,0,0,0,0,0,0,0,0
V031,29/11/2025,08:30:00,Engine,ME2,1300,5,88,70,375,Normal,0,0,0,0,0,0,0,0,0
V031,29/11/2025,07:30:00,Generator,GEN1,1520,4.1,70,62,,Normal,0,0,0,0,0,0,1,0,1
V031,29/11/2025,09:00:00,Engine,ME1,1600,5.85,91.2,74,380,Normal,0,0,0,0,0,0,0,0,0
V031,29/11/2025,09:00:00,Engine,ME2,1600,5.75,93.2,75,380,Normal,0,0,0,0,0,0,0,0,0
V031,29/11/2025,08:00:00,Generator,GEN1,1540,6.5,100,85,,Fault,0,0,0,0,0,0,1,1,1
V031,29/11/2025,09:30:00,Engine,ME1,1600,6.5,100,85,400,Fault,0,0,0,0,0,0,0,1,0
V031,29/11/2025,09:30:00,Engine,ME2,1590,5.7,91,73.6,379,Normal,0,0,0,0,0,0,0,0,0
V031,29/11/2025,08:30:00,Generator,GEN1,1520,4.2,72,62,,Normal,0,0,0,0,0,0,1,0,1
V031,29/11/2025,10:00:00,Engine,ME1,1590,5.7,91,73,379,Normal,0,0,0,0,0,0,0,0,0
V031,29/11/2025,10:00:00,Engine,ME2,1600,6.5,100,85,400,Fault,0,0,0,0,0,0,0,1,0
V031,29/11/2025,09:00:00,Generator,GEN1,1500,4,70,61,,Normal,0,0,0,0,0,0,1,0,1
V031,29/11/2025,10:30:00,Engine,ME1,1580,5.6,90.5,72.5,377,Normal,0,0,0,0,0,0,0,0,0
V031,29/11/2025,10:30:00,Engine,ME2,1590,5.7,91,73,379,Normal,0,0,0,0,0,0,0,0,0
V031,29/11/2025,09:30:00,Generator,GEN1,1540,6.5,100,85,,Fault,0,0,0,0,0,0,1,1,1
V031,29/11/2025,11:00:00,Engine,ME1,1600,6.5,100,85,400,Fault,0,0,0,0,0,0,0,1,0
V031,29/11/2025,11:00:00,Engine,ME2,1580,5.6,90.4,72.4,378,Normal,0,0,0,0,0,0,0,0,0
V031,29/11/2025,10:00:00,Generator,GEN1,1520,4.2,71,64,,Normal,0,0,0,0,0,0,1,0,1
V031,29/11/2025,11:30:00,Engine,ME1,1550,5,90,70,375,Normal,0,0,0,0,0,0,0,0,0
V031,29/11/2025,11:30:00,Engine,ME2,1600,6.5,100,85,400,Fault,0,0,0,0,0,0,0,1,0
V031,29/11/2025,10:30:00,Generator,GEN1,1530,4.3,72,64,,Normal,0,0,0,0,0,0,1,0,1
V031,29/11/2025,12:00:00,Engine,ME1,1560,5.08,91,70.9,375,Normal,0,0,0,0,0,0,0,0,0
V031,29/11/2025,12:00:00,Engine,ME2,1590,5.8,93,73,379,Normal,0,0,0,0,0,0,0,0,0
V031,29/11/2025,11:00:00,Generator,GEN1,1540,4.4,72,64,,Normal,0,0,0,0,0,0,1,0,1
V031,29/11/2025,12:30:00,Engine,ME1,1570,5.2,92,72,378,Normal,0,0,0,0,0,0,0,0,0
V031,29/11/2025,12:30:00,Engine,ME2,1580,5.5,92.7,72.8,377.8,Normal,0,0,0,0,0,0,0,0,0
V031,29/11/2025,11:30:00,Generator,GEN1,1530,4.3,72,64,,Normal,0,0,0,0,0,0,1,0,1
V031,29/11/2025,13:00:00,Engine,ME1,1500,4.9,88,70,370,Normal,1,0,0,0,0,1,0,0,0
V031,29/11/2025,13:00:00,Engine,ME2,1500,4.9,88,70,370,Normal,1,0,0,0,0,1,0,0,0
V031,29/11/2025,12:00:00,Generator,GEN1,1540,6.5,100,85,,Fault,0,0,0,0,0,0,1,1,1
V031,29/11/2025,13:30:00,Engine,ME1,1200,4.5,87,69,369,Normal,0,0,0,0,0,0,0,0,0
V031,29/11/2025,13:30:00,Engine,ME2,1200,4.5,87,69,369,Normal,0,0,0,0,0,0,0,0,0
V031,29/11/2025,12:30:00,Generator,GEN1,1500,4,70,62,,Normal,0,0,0,0,0,0,1,0,1
V031,29/11/2025,14:00:00,Engine,ME1,1000,4.26,86,67,368,Normal,0,0,0,0,0,0,0,0,0
V031,29/11/2025,14:00:00,Engine,ME2,1000,4.24,86,67,368,Normal,0,0,0,0,0,0,0,0,0
V031,29/11/2025,13:00:00,Generator,GEN1,1510,4.05,70.9,62.7,,Normal,0,0,0,0,0,0,1,0,1
V031,29/11/2025,14:30:00,Engine,ME1,800,4,85.5,66,367,Normal,0,0,0,0,0,0,0,0,0
V031,29/11/2025,14:30:00,Engine,ME2,800,4,85.5,66,367,Normal,0,0,0,0,0,0,0,0,0
V031,29/11/2025,13:30:00,Generator,GEN1,1520,4.5,71,63,,Normal,1,0,0,0,0,1,1,0,1
V031,29/11/2025,15:00:00,Engine,ME1,670,3.95,85,65,366,Normal,0,0,0,0,0,0,0,0,0
V031,29/11/2025,15:00:00,Engine,ME2,660,3.96,85,65,366,Normal,0,0,0,0,0,0,0,0,0
V031,29/11/2025,14:00:00,Generator,GEN1,1530,4.2,72,63.8,,Normal,0,0,0,0,0,0,1,0,1
V031,29/11/2025,15:30:00,Engine,ME1,650,3.9,84,64,365,Normal,0,0,0,0,0,0,0,0,0
V031,29/11/2025,15:30:00,Engine,ME2,650,3.9,84,64,365,Normal,0,0,0,0,0,0,0,0,0
V031,29/11/2025,14:30:00,Generator,GEN1,1540,4.4,72.8,65,,Normal,0,0,0,0,0,0,1,0,1
V032,30/11/2025,07:00:00,Engine,ME1,640,3.8,83,64,364,Normal,0,0,0,0,0,0,0,0,0
V032,30/11/2025,07:00:00,Engine,ME2,635,3.8,83,64,364,Normal,0,0,0,0,0,0,0,0,0
V032,30/11/2025,06:00:00,Generator,GEN1,1540,4.4,72,64,,Normal,0,0,0,0,0,0,1,0,1
V032,30/11/2025,07:30:00,Engine,ME1,800,4.3,86,66,366,Normal,0,0,0,0,0,0,0,0,0
V032,30/11/2025,07:30:00,Engine,ME2,800,4.35,86,66,366,Normal,0,0,0,0,0,0,0,0,0
V032,30/11/2025,06:30:00,Generator,GEN1,1540,6.5,100,85,,Fault,0,0,0,0,0,0,1,1,1
V032,30/11/2025,08:00:00,Engine,ME1,1000,4.7,88,68,368,Normal,0,0,0,0,0,0,0,0,0
V032,30/11/2025,08:00:00,Engine,ME2,1000,4.7,88,68,368,Normal,0,0,0,0,0,0,0,0,0
V032,30/11/2025,07:00:00,Generator,GEN1,1530,4.2,71,63,,Normal,0,0,0,0,0,0,1,0,1
V032,30/11/2025,08:30:00,Engine,ME1,1300,5,89,70,373,Normal,0,0,0,0,0,0,0,0,0
V032,30/11/2025,08:30:00,Engine,ME2,1300,5,89,70,373,Normal,0,0,0,0,0,0,0,0,0
V032,30/11/2025,07:30:00,Generator,GEN1,1520,4.1,70.5,62.4,,Normal,0,0,0,0,0,0,1,0,1
V032,30/11/2025,09:00:00,Engine,ME1,1600,5.8,94.8,74,380,Normal,0,0,0,0,0,0,0,0,0
V032,30/11/2025,09:00:00,Engine,ME2,1600,6.04,93.5,76,380,Normal,0,0,0,0,0,0,0,0,0
V032,30/11/2025,08:00:00,Generator,GEN1,1540,6.5,100,85,,Fault,0,0,0,0,0,0,1,1,1
V032,30/11/2025,09:30:00,Engine,ME1,1600,6.5,100,85,400,Fault,0,0,0,0,0,0,0,1,0
V032,30/11/2025,09:30:00,Engine,ME2,1590,6,93,75,379.8,Normal,0,0,0,0,0,0,0,0,0
V032,30/11/2025,08:30:00,Generator,GEN1,1540,4.3,71.8,63,,Normal,0,0,0,0,0,0,1,0,1
V032,30/11/2025,10:00:00,Engine,ME1,1590,5.6,93,72,379,Normal,0,0,0,0,0,0,0,0,0
V032,30/11/2025,10:00:00,Engine,ME2,1600,6.5,100,85,400,Fault,0,0,0,0,0,0,0,1,0
V032,30/11/2025,09:00:00,Generator,GEN1,1530,4.2,71,62.4,,Normal,0,0,0,0,0,0,1,0,1
V032,30/11/2025,10:30:00,Engine,ME1,1580,5.5,92,71,377,Normal,0,0,0,0,0,0,0,0,0
V032,30/11/2025,10:30:00,Engine,ME2,1570,5.9,92,71,377,Normal,0,0,0,0,0,0,0,0,0
V032,30/11/2025,09:30:00,Generator,GEN1,1540,6.5,100,85,,Fault,0,0,0,0,0,0,1,1,1
V032,30/11/2025,11:00:00,Engine,ME1,1600,6.5,100,85,400,Fault,0,0,0,0,0,0,0,1,0
V032,30/11/2025,11:00:00,Engine,ME2,1560,5.7,91,70,377,Normal,0,0,0,0,0,0,0,0,0
V032,30/11/2025,10:00:00,Generator,GEN1,1530,4.2,71,63,,Normal,0,0,0,0,0,0,1,0,1
V032,30/11/2025,11:30:00,Engine,ME1,1590,5.7,92,73,379,Normal,0,0,0,0,0,0,0,0,0
V032,30/11/2025,11:30:00,Engine,ME2,1600,6.5,100,85,400,Fault,0,0,0,0,0,0,0,1,0
V032,30/11/2025,10:30:00,Generator,GEN,1500,4.1,70,61,,Normal,0,0,0,0,0,0,1,0,1
V032,30/11/2025,12:00:00,Engine,ME1,1500,5.3,90,71,377,Normal,0,0,0,0,0,0,0,0,0
V032,30/11/2025,12:00:00,Engine,ME2,1500,5.8,92,72,377,Normal,0,0,0,0,0,0,0,0,0
V032,30/11/2025,11:00:00,Generator,GEN1,1510,4.2,71,62,,Normal,0,0,0,0,0,0,1,0,1
V032,30/11/2025,12:30:00,Engine,ME1,1300,5,89,70,376,Normal,0,0,0,0,0,0,0,0,0
V032,30/11/2025,12:30:00,Engine,ME2,1300,5.3,90,71,377,Normal,0,0,0,0,0,0,0,0,0
V032,30/11/2025,11:30:00,Generator,GEN1,1540,6.5,100,85,,Fault,0,0,0,0,0,0,1,1,1
V032,30/11/2025,13:00:00,Engine,ME1,1000,4.8,88,69,375,Normal,0,0,0,0,0,0,0,0,0
V032,30/11/2025,13:00:00,Engine,ME2,1000,4.9,89,70,376,Normal,0,0,0,0,0,0,0,0,0
V032,30/11/2025,12:00:00,Generator,GEN1,1500,4,70,63,,Normal,0,0,0,0,0,0,1,0,1
V032,30/11/2025,13:30:00,Engine,ME1,800,4.4,87,68,373,Normal,0,0,0,0,0,0,0,0,0
V032,30/11/2025,13:30:00,Engine,ME2,800,4.5,87,68,374,Normal,0,0,0,0,0,0,0,0,0
V032,30/11/2025,12:30:00,Generator,GEN1,1520,4.2,72.4,64,,Normal,0,0,0,0,0,0,1,0,1
V032,30/11/2025,14:00:00,Engine,ME1,800,4.2,86,67,370,Normal,0,0,0,0,0,0,0,0,0
V032,30/11/2025,14:00:00,Engine,ME2,800,4.2,86,67,370,Normal,0,0,0,0,0,0,0,0,0
V032,30/11/2025,13:00:00,Generator,GEN1,1540,6.5,100,85,,Fault,0,0,0,0,0,0,1,1,1
V032,30/11/2025,14:30:00,Engine,ME1,670,4,85,66,367,Normal,0,0,0,0,0,0,0,0,0
V032,30/11/2025,14:30:00,Engine,ME2,660,4,85,66,367,Normal,0,0,0,0,0,0,0,0,0
V032,30/11/2025,13:30:00,Generator,GEN1,1540,4.3,73,64,,Normal,0,0,0,0,0,0,1,0,1
V032,30/11/2025,15:00:00,Engine,ME1,650,3.9,84,65,365,Normal,0,0,0,0,0,0,0,0,0
V032,30/11/2025,15:00:00,Engine,ME2,650,3.9,84,65,365,Normal,0,0,0,0,0,0,0,0,0
V032,30/11/2025,14:00:00,Generator,GEN1,1540,4.4,73,64.6,,Normal,0,0,0,0,0,0,1,0,1
V033,02/12/2025 00:00,07:00:00,Engine,ME1,640,3.88,84,65,364,Normal,0,0,0,0,0,0,0,0,0
V033,02/12/2025 00:00,07:00:00,Engine,ME2,640,3.9,84,65,364,Normal,0,0,0,0,0,0,0,0,0
V033,02/12/2025 00:00,05:00:00,Generator,GEN2,1540,4.2,72,66,,Normal,0,0,0,0,0,0,1,0,1
V033,02/12/2025 00:00,07:30:00,Engine,ME1,800,4.2,86,66,367,Normal,0,0,0,0,0,0,0,0,0
V033,02/12/2025 00:00,07:30:00,Engine,ME2,800,4.3,86,66,367,Normal,0,0,0,0,0,0,0,0,0
V033,02/12/2025 00:00,05:30:00,Generator,GEN2,1530,4.1,71.3,65.4,,Normal,1,0,0,0,0,1,1,0,1
V033,02/12/2025 00:00,08:00:00,Engine,ME1,1000,4.8,88,68,370,Normal,0,0,0,0,0,0,0,0,0
V033,02/12/2025 00:00,08:00:00,Engine,ME2,1000,4.8,88,68,370,Normal,0,0,0,0,0,0,0,0,0
V033,02/12/2025 00:00,06:00:00,Generator,GEN2,1640,6.5,100,85,,Fault,0,0,0,0,1,1,1,1,1
V033,02/12/2025 00:00,08:30:00,Engine,ME1,1300,5.1,90,72,375,Normal,0,0,0,0,0,0,0,0,0
V033,02/12/2025 00:00,08:30:00,Engine,ME2,1300,5.2,90,72,375,Normal,0,0,0,0,0,0,0,0,0
V033,02/12/2025 00:00,06:30:00,Generator,GEN2,1540,4.2,71,65,,Normal,0,0,0,0,0,0,1,0,1
V033,02/12/2025 00:00,09:00:00,Engine,ME1,1600,5.88,95.1,77,380,Normal,0,0,0,0,0,0,0,0,0
V033,02/12/2025 00:00,09:00:00,Engine,ME2,1600,5.78,94.3,75,380,Normal,0,0,0,0,0,0,0,0,0
V033,02/12/2025 00:00,07:00:00,Generator,GEN2,1530,4.1,70,64,,Normal,0,0,0,0,0,0,1,0,1
V033,02/12/2025 00:00,09:30:00,Engine,ME1,1600,6.5,100,85,400,Fault,0,0,0,0,0,0,0,1,0
V033,02/12/2025 00:00,09:30:00,Engine,ME2,1590,5.7,94.5,76,379,Normal,0,0,0,0,0,0,0,0,0
V033,02/12/2025 00:00,07:30:00,Generator,GEN2,1540,6.5,100,85,,Fault,0,0,0,0,0,0,1,1,1
V033,02/12/2025 00:00,10:00:00,Engine,ME1,1590,5.7,94,76,379,Normal,0,0,0,0,0,0,0,0,0
V033,02/12/2025 00:00,10:00:00,Engine,ME2,1600,6.5,100,85,400,Fault,0,0,0,0,0,0,0,1,0
V033,02/12/2025 00:00,08:00:00,Generator,GEN2,1500,4,70,62,,Normal,0,0,0,0,0,0,1,0,1
V033,02/12/2025 00:00,10:30:00,Engine,ME1,1570,5.2,91,74,376,Normal,0,0,0,0,0,0,0,0,0
V033,02/12/2025 00:00,10:30:00,Engine,ME2,1560,5.2,90.5,75,377,Normal,0,0,0,0,0,0,0,0,0
V033,02/12/2025 00:00,08:30:00,Generator,GEN2,1510,4.1,71,63,,Normal,0,0,0,0,0,0,1,0,1
V033,02/12/2025 00:00,11:00:00,Engine,ME1,1600,6.5,100,85,400,Fault,0,0,0,0,0,0,0,1,0
V033,02/12/2025 00:00,11:00:00,Engine,ME2,1590,5.7,93,77,379,Normal,0,0,0,0,0,0,0,0,0
V033,02/12/2025 00:00,09:00:00,Generator,GEN2,1520,4.2,72,64,,Normal,0,0,0,0,0,0,1,0,1
V033,02/12/2025 00:00,11:30:00,Engine,ME1,1500,5.4,91,73,375,Normal,0,0,0,0,0,0,0,0,0
V033,02/12/2025 00:00,11:30:00,Engine,ME2,1500,5.4,91,73,375,Normal,0,0,0,0,0,0,0,0,0
V033,02/12/2025 00:00,09:30:00,Generator,GEN2,1540,6.5,100,85,,Fault,0,0,0,0,0,0,1,1,1
V033,02/12/2025 00:00,12:00:00,Engine,ME1,1300,5,89,71,374,Normal,0,0,0,0,0,0,0,0,0
V033,02/12/2025 00:00,12:00:00,Engine,ME2,1300,5,89,71,374,Normal,0,0,0,0,0,0,0,0,0
V033,02/12/2025 00:00,10:00:00,Generator,GEN2,1500,4.1,70,61,,Normal,0,0,0,0,0,0,1,0,1
V033,02/12/2025 00:00,12:30:00,Engine,ME1,1000,4.8,88,69,372,Normal,0,0,0,0,0,0,0,0,0
V033,02/12/2025 00:00,12:30:00,Engine,ME2,1000,4.8,87,69,372,Normal,0,0,0,0,0,0,0,0,0
V033,02/12/2025 00:00,10:30:00,Generator,GEN2,1510,4.2,71,62,,Normal,0,0,0,0,0,0,1,0,1
V033,02/12/2025 00:00,13:00:00,Engine,ME1,800,4.4,86,67,368,Normal,0,0,0,0,0,0,0,0,0
V033,02/12/2025 00:00,13:00:00,Engine,ME2,800,4.4,86,67,368,Normal,0,0,0,0,0,0,0,0,0
V033,02/12/2025 00:00,11:00:00,Generator,GEN2,1540,6.5,100,85,,Fault,0,0,0,0,0,0,1,1,1
V033,02/12/2025 00:00,13:30:00,Engine,ME1,800,4.2,85,66,367,Normal,0,0,0,0,0,0,0,0,0
V033,02/12/2025 00:00,13:30:00,Engine,ME2,800,4.2,85,66,367,Normal,0,0,0,0,0,0,0,0,0
V033,02/12/2025 00:00,11:30:00,Generator,GEN2,1530,4.2,71.4,64,,Normal,0,0,0,0,0,0,1,0,1
V033,02/12/2025 00:00,14:00:00,Engine,ME1,670,4,84.5,65,366,Normal,0,0,0,0,0,0,0,0,0
V033,02/12/2025 00:00,14:00:00,Engine,ME2,660,4,84,65,366,Normal,0,0,0,0,0,0,0,0,0
V033,02/12/2025 00:00,12:00:00,Generator,GEN2,1540,6.5,100,85,,Fault,0,0,0,0,0,0,1,1,1
V033,02/12/2025 00:00,14:30:00,Engine,ME1,640,3.9,83,64,365,Normal,0,0,0,0,0,0,0,0,0
V033,02/12/2025 00:00,14:30:00,Engine,ME2,645,3.9,83,64,365,Normal,0,0,0,0,0,0,0,0,0
V033,02/12/2025 00:00,12:30:00,Generator,GEN2,1530,4.2,72,64,,Normal,0,0,0,0,0,0,1,0,1
V034,03/12/2025 00:00,07:30:00,Engine,ME1,650,3.95,83,63.8,363,Normal,0,0,0,0,0,0,0,0,0
V034,03/12/2025 00:00,07:30:00,Engine,ME2,650,3.94,83,63.7,364,Normal,0,0,0,0,0,0,0,0,0
V034,03/12/2025 00:00,05:00:00,Generator,GEN2,1540,4.3,72,66,,Normal,0,0,0,0,0,0,1,0,1
V034,03/12/2025 00:00,08:00:00,Engine,ME1,800,4.2,85,65,365,Normal,0,0,0,0,0,0,0,0,0
V034,03/12/2025 00:00,08:00:00,Engine,ME2,800,4.3,85,65,365,Normal,0,0,0,0,0,0,0,0,0
V034,03/12/2025 00:00,05:30:00,Generator,GEN2,1540,6.5,100,85,,Fault,0,0,0,0,0,0,1,1,1
V034,03/12/2025 00:00,08:30:00,Engine,ME1,1000,4.7,86,67,367,Normal,0,0,0,0,0,0,0,0,0
V034,03/12/2025 00:00,08:30:00,Engine,ME2,1000,4.8,86,67,367,Normal,0,0,0,0,0,0,0,0,0
V034,03/12/2025 00:00,06:00:00,Generator,GEN2,1530,4.1,71,65,,Normal,0,0,0,0,0,0,1,0,1
V034,03/12/2025 00:00,09:00:00,Engine,ME1,1300,5.2,89,71,374,Normal,0,0,0,0,0,0,0,0,0
V034,03/12/2025 00:00,09:00:00,Engine,ME2,1300,5.3,89,71,374,Normal,0,0,0,0,0,0,0,0,0
V034,03/12/2025 00:00,06:30:00,Generator,GEN2,1520,4,70,62,,Normal,0,0,0,0,0,0,1,0,1
V034,03/12/2025 00:00,09:30:00,Engine,ME1,1600,5.9,93,76,380,Normal,0,0,0,0,0,0,0,0,0
V034,03/12/2025 00:00,09:30:00,Engine,ME2,1600,5.93,94.6,75,380,Normal,0,0,0,0,0,0,0,0,0
V034,03/12/2025 00:00,07:00:00,Generator,GEN2,1500,4,70,61.5,,Normal,1,0,0,0,0,1,1,0,1
V034,03/12/2025 00:00,10:00:00,Engine,ME1,1600,6.5,100,85,400,Fault,0,0,0,0,0,0,0,1,0
V034,03/12/2025 00:00,10:00:00,Engine,ME2,1590,5.8,94,74.5,379,Normal,0,0,0,0,0,0,0,0,0
V034,03/12/2025 00:00,07:30:00,Generator,GEN2,1540,6.5,100,85,,Fault,0,0,0,0,0,0,1,1,1
V034,03/12/2025 00:00,10:30:00,Engine,ME1,1590,5.8,92,75,379,Normal,0,0,0,0,0,0,0,0,0
V034,03/12/2025 00:00,10:30:00,Engine,ME2,1600,6.5,100,85,400,Fault,0,0,0,0,0,0,0,1,0
V034,03/12/2025 00:00,08:00:00,Generator,GEN2,1500,4,70,63,,Normal,0,0,0,0,0,0,1,0,1
V034,03/12/2025 00:00,11:00:00,Engine,ME1,1580,5.7,91.4,74.5,378,Normal,0,0,0,0,0,0,0,0,0
V034,03/12/2025 00:00,11:00:00,Engine,ME2,1590,5.8,93,73.5,379,Normal,0,0,0,0,0,0,0,0,0
V034,03/12/2025 00:00,08:30:00,Generator,GEN2,1510,4.1,71,64,,Normal,0,0,0,0,0,0,1,0,1
V034,03/12/2025 00:00,11:30:00,Engine,ME1,1600,6.5,100,85,400,Fault,0,0,0,0,0,0,0,1,0
V034,03/12/2025 00:00,11:30:00,Engine,ME2,1580,5.7,92.7,73,378,Normal,0,0,0,0,0,0,0,0,0
V034,03/12/2025 00:00,09:00:00,Generator,GEN2,1540,6.5,100,85,,Fault,0,0,0,0,0,0,1,1,1
V034,03/12/2025 00:00,12:00:00,Engine,ME1,1500,5.5,90,73,375,Normal,0,0,0,0,0,0,0,0,0
V034,03/12/2025 00:00,12:00:00,Engine,ME2,1500,5.5,90,72,375,Normal,0,0,0,0,0,0,0,0,0
V034,03/12/2025 00:00,09:30:00,Generator,GEN2,1530,4.2,72,65,,Normal,0,0,0,0,0,0,1,0,1
V034,03/12/2025 00:00,12:30:00,Engine,ME1,1300,5.3,89,70,373,Normal,0,0,0,0,0,0,0,0,0
V034,03/12/2025 00:00,12:30:00,Engine,ME2,1300,5.3,89,70,373,Normal,0,0,0,0,0,0,0,0,0
V034,03/12/2025 00:00,10:00:00,Generator,GEN2,1540,6.5,100,85,,Fault,0,0,0,0,0,0,1,1,1
V034,03/12/2025 00:00,13:00:00,Engine,ME1,800,4.3,86,67,368,Normal,0,0,0,0,0,0,0,0,0
V034,03/12/2025 00:00,13:00:00,Engine,ME2,800,4.3,86,67,368,Normal,0,0,0,0,0,0,0,0,0
V034,03/12/2025 00:00,10:30:00,Generator,GEN2,1530,4.19,72,64,,Normal,0,0,0,0,0,0,1,0,1
V034,03/12/2025 00:00,13:30:00,Engine,ME1,650,4,85,65,365,Normal,0,0,0,0,0,0,0,0,0
V034,03/12/2025 00:00,13:30:00,Engine,ME2,650,4,85,65,365,Normal,0,0,0,0,0,0,0,0,0
V034,03/12/2025 00:00,11:00:00,Generator,GEN2,1540,4.2,72,66,,Normal,0,0,0,0,0,0,1,0,1
V035,04/12/2025 00:00,03:20:00,Engine,ME1,640,3.9,84,65,364,Normal,0,0,0,0,0,0,0,0,0
V035,04/12/2025 00:00,03:20:00,Engine,ME2,640,3.9,84,65,364,Normal,0,0,0,0,0,0,0,0,0
V035,04/12/2025 00:00,01:00:00,Generator,GEN1,1540,5,70,66,,Normal,0,0,0,0,0,0,1,0,1
V035,04/12/2025 00:00,03:50:00,Engine,ME1,800,4.3,86,67,366,Normal,0,0,0,0,0,0,0,0,0
V035,04/12/2025 00:00,03:50:00,Engine,ME2,800,4.3,86,67,366,Normal,0,0,0,0,0,0,0,0,0
V035,04/12/2025 00:00,01:30:00,Generator,GEN1,1540,6.5,100,85,,Fault,0,0,0,0,0,0,1,1,1
V035,04/12/2025 00:00,04:20:00,Engine,ME1,1000,4.8,88,69,370,Normal,0,0,0,0,0,0,0,0,0
V035,04/12/2025 00:00,04:20:00,Engine,ME2,1000,4.8,88,69,370,Normal,0,0,0,0,0,0,0,0,0
V035,04/12/2025 00:00,02:00:00,Generator,GEN1,1530,4.9,69,65,,Normal,0,0,0,0,0,0,1,0,1
V035,04/12/2025 00:00,04:50:00,Engine,ME1,1300,5.2,91,71,375,Normal,0,0,0,0,0,0,0,0,0
V035,04/12/2025 00:00,04:50:00,Engine,ME2,1300,5.3,91,72,375,Normal,0,0,0,0,0,0,0,0,0
V035,04/12/2025 00:00,02:30:00,Generator,GEN1,1520,4.7,68,64,,Normal,0,0,0,0,0,0,1,0,1
V035,04/12/2025 00:00,05:20:00,Engine,ME1,1600,5.8,96.2,78,385,Normal,0,0,0,0,0,0,0,0,0
V035,04/12/2025 00:00,05:20:00,Engine,ME2,1600,5.83,95.2,76,385,Normal,0,0,0,0,0,0,0,0,0
V035,04/12/2025 00:00,03:00:00,Generator,GEN1,1540,6.5,100,85,,Fault,0,0,0,0,0,0,1,1,1
V035,04/12/2025 00:00,05:50:00,Engine,ME1,1600,6.5,100,85,400,Fault,0,0,0,0,0,0,0,1,0
V035,04/12/2025 00:00,05:50:00,Engine,ME2,1590,5.8,95,75.7,384,Normal,0,0,0,0,0,0,0,0,0
V035,04/12/2025 00:00,03:30:00,Generator,GEN1,1535,4.9,71.5,65.5,,Normal,0,0,0,0,0,0,1,0,1
V035,04/12/2025 00:00,06:20:00,Engine,ME1,1590,5.7,95.7,77,384,Normal,0,0,0,0,0,0,0,0,0
V035,04/12/2025 00:00,06:20:00,Engine,ME2,1600,6.5,100,85,400,Fault,0,0,0,0,0,0,0,1,0
V035,04/12/2025 00:00,04:00:00,Generator,GEN1,1540,6.5,100,85,,Fault,0,0,0,0,0,0,1,1,1
V035,04/12/2025 00:00,06:50:00,Engine,ME1,1580,5.6,95,76,383,Normal,0,0,0,0,0,0,0,0,0
V035,04/12/2025 00:00,06:50:00,Engine,ME2,1590,5.8,94.9,75.3,384,Normal,0,0,0,0,0,0,0,0,0
V035,04/12/2025 00:00,04:30:00,Generator,GEN1,1530,4.8,71,65,,Normal,0,0,0,0,0,0,1,0,1
V035,04/12/2025 00:00,07:20:00,Engine,ME1,1300,5.2,91,72,378,Normal,0,0,0,0,0,0,0,0,0
V035,04/12/2025 00:00,07:20:00,Engine,ME2,1300,5.26,91.4,72,378,Normal,0,0,0,0,0,0,0,0,0
V035,04/12/2025 00:00,05:00:00,Generator,GEN1,1540,6.5,100,85,,Fault,0,0,0,0,0,0,1,1,1
V035,04/12/2025 00:00,07:50:00,Engine,ME1,1000,4.8,89,71,370,Normal,0,0,0,0,0,0,0,0,0
V035,04/12/2025 00:00,07:50:00,Engine,ME2,1000,4.8,89,71,370,Normal,0,0,0,0,0,0,0,0,0
V035,04/12/2025 00:00,05:30:00,Generator,GEN1,1540,4.2,74,64,,Normal,0,0,0,0,0,0,1,0,1
V035,04/12/2025 00:00,08:20:00,Engine,ME1,800,4.3,87,69,368,Normal,0,0,0,0,0,0,0,0,0
V035,04/12/2025 00:00,08:20:00,Engine,ME2,800,4.3,87,69,368,Normal,0,0,0,0,0,0,0,0,0
V035,04/12/2025 00:00,06:00:00,Generator,GEN1,1520,4.1,73.4,63,,Normal,0,0,0,0,0,0,1,0,1
V035,04/12/2025 00:00,08:50:00,Engine,ME1,650,4,86,65,365,Normal,0,0,0,0,0,0,0,0,0
V035,04/12/2025 00:00,08:50:00,Engine,ME2,650,4,86,65,365,Normal,0,0,0,0,0,0,0,0,0
V035,04/12/2025 00:00,06:30:00,Generator,GEN1,1540,4.3,76,66,,Normal,0,0,0,0,0,0,1,0,1
V036,06/12/2025 00:00,07:00:00,Engine,ME1,640,3.9,84,64,365,Normal,0,0,0,0,0,0,0,0,0
V036,06/12/2025 00:00,07:00:00,Engine,ME2,645,3.9,84,54,365,Normal,0,0,1,0,0,1,0,0,0
V036,06/12/2025 00:00,05:00:00,Generator,GEN2,1533,4.3,70.2,66,,Normal,0,0,0,0,0,0,1,0,1
V036,06/12/2025 00:00,07:30:00,Engine,ME1,900,4.5,88,67,368,Normal,0,0,0,0,0,0,0,0,0
V036,06/12/2025 00:00,07:30:00,Engine,ME2,900,4.5,88,67,368,Normal,0,0,0,0,0,0,0,0,0
V036,06/12/2025 00:00,05:30:00,Generator,GEN2,1540,6.5,100,85,,Fault,0,0,0,0,0,0,1,1,1
V036,06/12/2025 00:00,08:00:00,Engine,ME1,1200,4.9,90,70,373,Normal,0,0,0,0,0,0,0,0,0
V036,06/12/2025 00:00,08:00:00,Engine,ME2,1200,4.9,90,70,374,Normal,0,0,0,0,0,0,0,0,0
V036,06/12/2025 00:00,06:00:00,Generator,GEN2,1530,4.2,70,65,,Normal,0,0,0,0,0,0,1,0,1
V036,06/12/2025 00:00,08:30:00,Engine,ME1,1400,5.4,91.5,73,377,Normal,0,0,0,0,0,0,0,0,0
V036,06/12/2025 00:00,08:30:00,Engine,ME2,1400,5.38,92,72,378,Normal,0,0,0,0,0,0,0,0,0
V036,06/12/2025 00:00,06:30:00,Generator,GEN2,1520,4.1,70,64.5,,Normal,0,0,0,0,0,0,1,0,1
V036,06/12/2025 00:00,09:00:00,Engine,ME1,1600,5.9,93.5,76,380,Normal,0,0,0,0,0,0,0,0,0
V036,06/12/2025 00:00,09:00:00,Engine,ME2,1600,5.96,94.3,75,380,Normal,0,0,0,0,0,0,0,0,0
V036,06/12/2025 00:00,07:00:00,Generator,GEN2,1540,6.5,100,85,,Fault,0,0,0,0,0,0,1,1,1
V036,06/12/2025 00:00,09:30:00,Engine,ME1,1600,6.5,100,85,400,Fault,0,0,0,0,0,0,0,1,0
V036,06/12/2025 00:00,09:30:00,Engine,ME2,1590,5.8,94,74.3,379,Normal,0,0,0,0,0,0,0,0,0
V036,06/12/2025 00:00,07:30:00,Generator,GEN2,1530,4.2,70,64,,Normal,0,0,0,0,0,0,1,0,1
V036,06/12/2025 00:00,10:00:00,Engine,ME1,1590,5.8,93,75,379,Normal,0,0,0,0,0,0,0,0,0
V036,06/12/2025 00:00,10:00:00,Engine,ME2,1600,6.5,100,85,400,Fault,0,0,0,0,0,0,0,1,0
V036,06/12/2025 00:00,08:00:00,Generator,GEN2,1500,4,98,64,,Normal,0,0,0,0,0,0,1,0,1
V036,06/12/2025 00:00,10:30:00,Engine,ME1,1580,5.7,92.5,74.5,378.5,Normal,0,0,0,0,0,0,0,0,0
V036,06/12/2025 00:00,10:30:00,Engine,ME2,1590,5.87,93.5,74.7,379,Normal,0,0,0,0,0,0,0,0,0
V036,06/12/2025 00:00,08:30:00,Generator,GEN2,1540,6.5,100,85,,Fault,0,0,0,0,0,0,1,1,1
V036,06/12/2025 00:00,11:00:00,Engine,ME1,1570,5.63,92,74,378,Normal,0,0,0,0,0,0,0,0,0
V036,06/12/2025 00:00,11:00:00,Engine,ME2,1580,5.7,93,74,378,Normal,0,0,0,0,0,0,0,0,0
V036,06/12/2025 00:00,09:00:00,Generator,GEN2,1500,4,69,64,,Normal,0,0,0,0,0,0,1,0,1
V036,06/12/2025 00:00,11:30:00,Engine,ME1,1600,6.5,100,85,400,Fault,0,0,0,0,0,0,0,1,0
V036,06/12/2025 00:00,11:30:00,Engine,ME2,1570,5.65,92.5,73.6,377.5,Normal,0,0,0,0,0,0,0,0,0
V036,06/12/2025 00:00,09:30:00,Generator,GEN2,1510,4.08,69.6,64.6,,Normal,0,0,0,0,0,0,1,0,1
V036,06/12/2025 00:00,12:00:00,Engine,ME1,1580,5.7,92,74,378,Normal,0,0,0,0,0,0,0,0,0
V036,06/12/2025 00:00,12:00:00,Engine,ME2,1600,6.5,100,85,400,Fault,0,0,0,0,0,0,0,1,0
V036,06/12/2025 00:00,10:00:00,Generator,GEN2,1520,4.1,70,65,,Normal,0,0,0,0,0,0,1,0,1
V036,06/12/2025 00:00,12:30:00,Engine,ME1,1500,5.5,92,73,377,Normal,0,0,0,0,0,0,0,0,0
V036,06/12/2025 00:00,12:30:00,Engine,ME2,1500,5.5,92,72,377,Normal,0,0,0,0,0,0,0,0,0
V036,06/12/2025 00:00,10:30:00,Generator,GEN2,1510,4,69,64,,Normal,0,0,0,0,0,0,1,0,1
V036,06/12/2025 00:00,13:00:00,Engine,ME1,1300,5,91,72,373,Normal,0,0,0,0,0,0,0,0,0
V036,06/12/2025 00:00,13:00:00,Engine,ME2,1300,5,91,71,373,Normal,0,0,0,0,0,0,0,0,0
V036,06/12/2025 00:00,11:00:00,Generator,GEN2,1500,4.09,70,64.5,,Normal,0,0,0,0,0,0,1,0,1
V036,06/12/2025 00:00,13:30:00,Engine,ME1,1000,4.8,89,70,370,Normal,0,0,0,0,0,0,0,0,0
V036,06/12/2025 00:00,13:30:00,Engine,ME2,1000,4.8,89,70,370,Normal,0,0,0,0,0,0,0,0,0
V036,06/12/2025 00:00,11:30:00,Generator,GEN2,1510,4.1,71,65,,Normal,0,0,0,0,0,0,1,0,1
V036,06/12/2025 00:00,14:00:00,Engine,ME1,800,4.3,87,69,368,Normal,0,0,0,0,0,0,0,0,0
V036,06/12/2025 00:00,14:00:00,Engine,ME2,800,4.3,87,69,368,Normal,0,0,0,0,0,0,0,0,0
V036,06/12/2025 00:00,12:00:00,Generator,GEN2,1520,4.17,71.9,66,,Normal,0,0,0,0,0,0,1,0,1
V036,06/12/2025 00:00,14:30:00,Engine,ME1,700,4,86,67,366,Normal,0,0,0,0,0,0,0,0,0
V036,06/12/2025 00:00,14:30:00,Engine,ME2,700,4,86,67,366,Normal,0,0,0,0,0,0,0,0,0
V036,06/12/2025 00:00,12:30:00,Generator,GEN2,1540,6.5,100,85,,Fault,0,0,0,0,0,0,1,1,1
V036,06/12/2025 00:00,15:00:00,Engine,ME1,640,3.9,85,66,365,Normal,0,0,0,0,0,0,0,0,0
V036,06/12/2025 00:00,15:00:00,Engine,ME2,630,3.8,84,65,364,Normal,0,0,0,0,0,0,0,0,0
V036,06/12/2025 00:00,13:00:00,Generator,GEN2,1540,4.3,70,65.9,,Normal,0,0,0,0,0,0,1,0,1
V037,07/12/2025 00:00,07:00:00,Engine,ME1,645,3.8,84,65,364,Normal,0,0,0,0,0,0,0,0,0
V037,07/12/2025 00:00,07:00:00,Engine,ME2,640,3.8,83,65,364,Normal,0,0,0,0,0,0,0,0,0
V037,07/12/2025 00:00,05:00:00,Generator,GEN2,1540,4.8,72,66,,Normal,0,0,0,0,0,0,1,0,1
V037,07/12/2025 00:00,07:30:00,Engine,ME1,800,4,86,67,367,Normal,0,0,0,0,0,0,0,0,0
V037,07/12/2025 00:00,07:30:00,Engine,ME2,800,4,86,67,367,Normal,0,0,0,0,0,0,0,0,0
V037,07/12/2025 00:00,05:30:00,Generator,GEN2,1540,6.5,100,85,,Fault,0,0,0,0,0,0,1,1,1
V037,07/12/2025 00:00,08:00:00,Engine,ME1,1100,4.5,88,69,372,Normal,0,0,0,0,0,0,0,0,0
V037,07/12/2025 00:00,08:00:00,Engine,ME2,1100,4.5,88,69,372,Normal,0,0,0,0,0,0,0,0,0
V037,07/12/2025 00:00,06:00:00,Generator,GEN2,1530,4.1,70,65,,Normal,0,0,0,0,0,0,1,0,1
V037,07/12/2025 00:00,08:30:00,Engine,ME1,1400,5.1,90,72,375,Normal,0,0,0,0,0,0,0,0,0
V037,07/12/2025 00:00,08:30:00,Engine,ME2,1400,5.1,90,72,375,Normal,0,0,0,0,0,0,0,0,0
V037,07/12/2025 00:00,06:30:00,Generator,GEN2,1500,4,69,63,,Normal,0,0,0,0,0,0,1,0,1
V037,07/12/2025 00:00,09:00:00,Engine,ME1,1600,5.84,94,76,380,Normal,0,0,0,0,0,0,0,0,0
V037,07/12/2025 00:00,09:00:00,Engine,ME2,1600,5.77,94.8,76,380,Normal,0,0,0,0,0,0,0,0,0
V037,07/12/2025 00:00,07:00:00,Generator,GEN2,1510,4.1,70,64,,Normal,0,0,0,0,0,0,1,0,1
V037,07/12/2025 00:00,09:30:00,Engine,ME1,1600,6.5,100,85,400,Fault,0,0,0,0,0,0,0,1,0
V037,07/12/2025 00:00,09:30:00,Engine,ME2,1590,5.67,94,75.4,379,Normal,0,0,0,0,0,0,0,0,0
V037,07/12/2025 00:00,07:30:00,Generator,GEN2,1520,4.2,71,65,,Normal,0,0,0,0,0,0,1,0,1
V037,07/12/2025 00:00,10:00:00,Engine,ME1,1590,5.7,93.5,75.4,379,Normal,0,0,0,0,0,0,0,0,0
V037,07/12/2025 00:00,10:00:00,Engine,ME2,1600,6.5,100,85,400,Fault,0,0,0,0,0,0,0,1,0
V037,07/12/2025 00:00,08:00:00,Generator,GEN2,1530,4.3,72,66,,Normal,0,0,0,0,0,0,1,0,1
V037,07/12/2025 00:00,10:30:00,Engine,ME1,1580,5.65,93,75,378,Normal,0,0,0,0,0,0,0,0,0
V037,07/12/2025 00:00,10:30:00,Engine,ME2,1590,5.7,93,75,378,Normal,0,0,0,0,0,0,0,0,0
V037,07/12/2025 00:00,08:30:00,Generator,GEN2,1540,6.5,100,85,,Fault,0,0,0,0,0,0,1,1,1
V037,07/12/2025 00:00,11:00:00,Engine,ME1,1570,5.4,92.4,74.4,376,Normal,0,0,0,0,0,0,0,0,0
V037,07/12/2025 00:00,11:00:00,Engine,ME2,1580,5.6,92.5,74.5,375,Normal,0,0,0,0,0,0,0,0,0
V037,07/12/2025 00:00,09:00:00,Generator,GEN2,1540,4.3,72,66,,Normal,0,0,0,0,0,0,1,0,1
V037,07/12/2025 00:00,11:30:00,Engine,ME1,1560,5.2,92,74,375,Normal,0,0,0,0,0,0,0,0,0
V037,07/12/2025 00:00,11:30:00,Engine,ME2,1570,5.3,92,74,374,Normal,0,0,0,0,0,0,0,0,0
V037,07/12/2025 00:00,09:30:00,Generator,GEN2,1530,4.2,71.7,65,,Normal,0,0,0,0,0,0,1,0,1
V037,07/12/2025 00:00,12:00:00,Engine,ME1,1600,6.5,100,85,400,Fault,0,0,0,0,0,0,0,1,0
V037,07/12/2025 00:00,12:00:00,Engine,ME2,1560,5.25,91.8,74,373,Normal,0,0,0,0,0,0,0,0,0
V037,07/12/2025 00:00,10:00:00,Generator,GEN2,1540,6.5,100,85,,Fault,0,0,0,0,0,0,1,1,1
V037,07/12/2025 00:00,12:30:00,Engine,ME1,1590,5.8,93,75,379,Normal,0,0,0,0,0,0,0,0,0
V037,07/12/2025 00:00,12:30:00,Engine,ME2,1600,6.5,100,85,400,Fault,0,0,0,0,0,0,0,1,0
V037,07/12/2025 00:00,10:30:00,Generator,GEN2,1530,4.3,72.5,66.5,,Normal,0,0,0,0,0,0,1,0,1
V037,07/12/2025 00:00,13:00:00,Engine,ME1,1500,5.5,92,74,376,Normal,0,0,0,0,0,0,0,0,0
V037,07/12/2025 00:00,13:00:00,Engine,ME2,1500,5.5,92,74,376,Normal,0,0,0,0,0,0,0,0,0
V037,07/12/2025 00:00,11:00:00,Generator,GEN2,1520,4.2,72,66,,Normal,0,0,0,0,0,0,1,0,1
V037,07/12/2025 00:00,13:30:00,Engine,ME1,1300,5,90,72,374,Normal,0,0,0,0,0,0,0,0,0
V037,07/12/2025 00:00,13:30:00,Engine,ME2,1300,5,90,72,374,Normal,0,0,0,0,0,0,0,0,0
V037,07/12/2025 00:00,11:30:00,Generator,GEN2,1540,6.5,100,85,,Fault,0,0,0,0,0,0,1,1,1
V037,07/12/2025 00:00,14:00:00,Engine,ME1,1000,4.8,88,70,370,Normal,0,0,0,0,0,0,0,0,0
V037,07/12/2025 00:00,14:00:00,Engine,ME2,1000,4.8,88,70,370,Normal,0,0,0,0,0,0,0,0,0
V037,07/12/2025 00:00,12:00:00,Generator,GEN2,1530,4.2,70,63,,Normal,0,0,0,0,0,0,1,0,1
V037,07/12/2025 00:00,14:30:00,Engine,ME1,800,4.4,87,69,367,Normal,0,0,0,0,0,0,0,0,0
V037,07/12/2025 00:00,14:30:00,Engine,ME2,800,4.4,87,69,367,Normal,0,0,0,0,0,0,0,0,0
V037,07/12/2025 00:00,12:30:00,Generator,GEN2,1520,4.1,70,62.6,,Normal,0,0,0,0,0,0,1,0,1
V037,07/12/2025 00:00,15:00:00,Engine,ME1,700,4.1,86,66,366,Normal,0,0,0,0,0,0,0,0,0
V037,07/12/2025 00:00,15:00:00,Engine,ME2,700,4.1,86,66,366,Normal,0,0,0,0,0,0,0,0,0
V037,07/12/2025 00:00,13:00:00,Generator,GEN2,1530,4.2,72,66,,Normal,0,0,0,0,0,0,1,0,1
V037,07/12/2025 00:00,15:30:00,Engine,ME1,640,3.9,85,65,365,Normal,0,0,0,0,0,0,0,0,0
V037,07/12/2025 00:00,15:30:00,Engine,ME2,630,3.89,86,65,365,Normal,0,1,0,0,0,1,0,0,0
V037,07/12/2025 00:00,13:30:00,Generator,GEN2,1540,4.4,72.6,66.7,,Normal,0,0,0,0,0,0,1,0,1
V038,09/12/2025 00:00,06:50:00,Engine,ME1,640,3.9,84,64,364,Normal,0,0,0,0,0,0,0,0,0
V038,09/12/2025 00:00,06:50:00,Engine,ME2,640,3.9,84,64,364,Normal,0,0,0,0,0,0,0,0,0
V038,09/12/2025 00:00,05:00:00,Generator,GEN1,1540,4.5,72,66.2,,Normal,0,0,0,0,0,0,1,0,1
V038,09/12/2025 00:00,07:20:00,Engine,ME1,800,4.3,86,66,366,Normal,0,0,0,0,0,0,0,0,0
V038,09/12/2025 00:00,07:20:00,Engine,ME2,800,4.3,86,66,366,Normal,0,0,0,0,0,0,0,0,0
V038,09/12/2025 00:00,05:30:00,Generator,GEN1,1530,4.4,71,66,,Normal,0,0,0,0,0,0,1,0,1
V038,09/12/2025 00:00,07:50:00,Engine,ME1,1000,4.8,88,68,368,Normal,0,0,0,0,0,0,0,0,0
V038,09/12/2025 00:00,07:50:00,Engine,ME2,1000,4.8,88,68,368,Normal,0,0,0,0,0,0,0,0,0
V038,09/12/2025 00:00,06:00:00,Generator,GEN1,1520,4.2,70.5,65.5,,Normal,0,0,0,0,0,0,1,0,1
V038,09/12/2025 00:00,08:20:00,Engine,ME1,1300,5.3,92,72,375,Normal,0,0,0,0,0,0,0,0,0
V038,09/12/2025 00:00,08:20:00,Engine,ME2,1300,5.3,92,72,375,Normal,0,0,0,0,0,0,0,0,0
V038,09/12/2025 00:00,06:30:00,Generator,GEN1,1540,6.5,100,85,,Fault,0,0,0,0,0,0,1,1,1
V038,09/12/2025 00:00,08:50:00,Engine,ME1,1600,6.02,91.7,73,380,Normal,0,0,0,0,0,0,0,0,0
V038,09/12/2025 00:00,08:50:00,Engine,ME2,1600,5.91,92.7,73,380,Normal,0,0,0,0,0,0,0,0,0
V038,09/12/2025 00:00,07:00:00,Generator,GEN1,1540,4.4,72,66,,Normal,0,0,0,0,0,0,1,0,1
V038,09/12/2025 00:00,09:20:00,Engine,ME1,1600,6.5,100,85,400,Fault,0,0,0,0,0,0,0,1,0
V038,09/12/2025 00:00,09:20:00,Engine,ME2,1590,5.81,91.7,72,379,Normal,0,0,0,0,0,0,0,0,0
V038,09/12/2025 00:00,07:30:00,Generator,GEN1,1530,4.3,71,65,,Normal,0,0,0,0,0,0,1,0,1
V038,09/12/2025 00:00,09:50:00,Engine,ME1,1590,5.9,90.7,72,378,Normal,0,0,0,0,0,0,0,0,0
V038,09/12/2025 00:00,09:50:00,Engine,ME2,1600,6.5,100,85,400,Fault,0,0,0,0,0,0,0,1,0
V038,09/12/2025 00:00,08:00:00,Generator,GEN1,1540,6.5,100,85,,Fault,0,0,0,0,0,0,1,1,1
V038,09/12/2025 00:00,10:20:00,Engine,ME1,1580,5.8,90,71.5,378,Normal,0,0,0,0,0,0,0,0,0
V038,09/12/2025 00:00,10:20:00,Engine,ME2,1590,5.82,91.7,72,379,Normal,0,0,0,0,0,0,0,0,0
V038,09/12/2025 00:00,08:30:00,Generator,GEN1,1530,4.4,71,66,,Normal,0,0,0,0,0,0,1,0,1
V038,09/12/2025 00:00,10:50:00,Engine,ME1,1570,5.7,90,71,377,Normal,0,0,0,0,0,0,0,0,0
V038,09/12/2025 00:00,10:50:00,Engine,ME2,1580,5.8,91,71,378,Normal,0,0,0,0,0,0,0,0,0
V038,09/12/2025 00:00,09:00:00,Generator,GEN1,1540,6.5,100,85,,Fault,0,0,0,0,0,0,1,1,1
V038,09/12/2025 00:00,11:20:00,Engine,ME1,1600,6.5,100,85,400,Fault,0,0,0,0,0,0,0,1,0
V038,09/12/2025 00:00,11:20:00,Engine,ME2,1570,5.7,90,70,377,Normal,0,0,0,0,0,0,0,0,0
V038,09/12/2025 00:00,09:30:00,Generator,GEN1,1530,4.4,72,66,,Normal,0,0,0,0,0,0,1,0,1
V038,09/12/2025 00:00,11:50:00,Engine,ME1,1560,5.7,90,70,377,Normal,0,0,0,0,0,0,0,0,0
V038,09/12/2025 00:00,11:50:00,Engine,ME2,1600,6.5,100,85,400,Fault,0,0,0,0,0,0,0,1,0
V038,09/12/2025 00:00,10:00:00,Generator,GEN1,1540,6.5,100,85,,Fault,0,0,0,0,0,0,1,1,1
V038,09/12/2025 00:00,12:20:00,Engine,ME1,1570,5.8,91,71,378,Normal,0,0,0,0,0,0,0,0,0
V038,09/12/2025 00:00,12:20:00,Engine,ME2,1590,5.8,91,72,379,Normal,0,0,0,0,0,0,0,0,0
V038,09/12/2025 00:00,10:30:00,Generator,GEN1,1540,4.4,72,66,,Normal,0,0,0,0,0,0,1,0,1
V038,09/12/2025 00:00,12:50:00,Engine,ME1,1300,5.2,89,70,375,Normal,0,0,0,0,0,0,0,0,0
V038,09/12/2025 00:00,12:50:00,Engine,ME2,1300,5.3,89,70,375,Normal,0,0,0,0,0,0,0,0,0
V038,09/12/2025 00:00,11:00:00,Generator,GEN1,1530,4.3,71,65,,Normal,0,0,0,0,0,0,1,0,1
V038,09/12/2025 00:00,13:20:00,Engine,ME1,1100,4.8,88,69,373,Normal,0,0,0,0,0,0,0,0,0
V038,09/12/2025 00:00,13:20:00,Engine,ME2,1100,4.8,88,69,373,Normal,0,0,0,0,0,0,0,0,0
V038,09/12/2025 00:00,11:30:00,Generator,GEN1,1520,4.2,70,64,,Normal,0,0,0,0,0,0,1,0,1
V038,09/12/2025 00:00,13:50:00,Engine,ME1,900,4.3,87,68,370,Normal,0,0,0,0,0,0,0,0,0
V038,09/12/2025 00:00,13:50:00,Engine,ME2,900,4.3,87,68,370,Normal,0,0,0,0,0,0,0,0,0
V038,09/12/2025 00:00,12:00:00,Generator,GEN1,1500,4.1,70,63,,Normal,0,0,0,0,0,0,1,0,1
V038,09/12/2025 00:00,14:20:00,Engine,ME1,700,4,85,66,367,Normal,0,0,0,0,0,0,0,0,0
V038,09/12/2025 00:00,14:20:00,Engine,ME2,700,4,85,66,367,Normal,0,0,0,0,0,0,0,0,0
V038,09/12/2025 00:00,12:30:00,Generator,GEN1,1540,6.5,100,85,,Fault,0,0,0,0,0,0,1,1,1
V038,09/12/2025 00:00,14:50:00,Engine,ME1,650,3.9,84,65,364,Normal,0,0,0,0,0,0,0,0,0
V038,09/12/2025 00:00,14:50:00,Engine,ME2,650,3.9,84,65,364,Normal,0,0,0,0,0,0,0,0,0
V038,09/12/2025 00:00,13:00:00,Generator,GEN1,1540,4.4,73,66.6,,Normal,0,0,0,0,0,0,1,0,1
V039,10/12/2025 00:00,07:20:00,Engine,ME1,640,3.9,84,65,364,Normal,0,0,0,0,0,0,0,0,0
V039,10/12/2025 00:00,07:20:00,Engine,ME2,640,3.8,84,65,364,Normal,0,0,0,0,0,0,0,0,0
V039,10/12/2025 00:00,05:00:00,Generator,GEN2,1536,4.2,72,66,,Normal,0,0,0,0,0,0,1,0,1
V039,10/12/2025 00:00,07:50:00,Engine,ME1,800,4.4,87,67,367,Normal,0,0,0,0,0,0,0,0,0
V039,10/12/2025 00:00,07:50:00,Engine,ME2,800,4.3,86.8,67,367,Normal,0,0,0,0,0,0,0,0,0
V039,10/12/2025 00:00,05:30:00,Generator,GEN2,1540,4.3,72,66.3,,Normal,0,0,0,0,0,0,1,0,1
V039,10/12/2025 00:00,08:20:00,Engine,ME1,1100,4.8,89,68,370,Normal,0,0,0,0,0,0,0,0,0
V039,10/12/2025 00:00,08:20:00,Engine,ME2,1100,4.8,89.2,68,370,Normal,0,0,0,0,0,0,0,0,0
V039,10/12/2025 00:00,06:00:00,Generator,GEN2,1540,6.5,100,85,,Normal,0,0,0,0,0,0,1,0,1
V039,10/12/2025 00:00,08:50:00,Engine,ME1,1400,5.5,90,70,376,Normal,0,0,0,0,0,0,0,0,0
V039,10/12/2025 00:00,08:50:00,Engine,ME2,1400,5.6,90,70,375,Normal,0,0,0,0,0,0,0,0,0
V039,10/12/2025 00:00,06:30:00,Generator,GEN2,1530,4.2,70,63,,Normal,0,0,0,0,0,0,1,0,1
V039,10/12/2025 00:00,09:20:00,Engine,ME1,1600,6.02,90.6,72,380,Normal,0,0,0,0,0,0,0,0,0
V039,10/12/2025 00:00,09:20:00,Engine,ME2,1600,5.91,91.7,72,380,Normal,0,0,0,0,0,0,0,0,0
V039,10/12/2025 00:00,07:00:00,Generator,GEN2,1500,4.1,69,62,,Normal,0,0,0,0,0,0,1,0,1
V039,10/12/2025 00:00,09:50:00,Engine,ME1,1600,6.5,100,85,400,Fault,0,0,0,0,0,0,0,1,0
V039,10/12/2025 00:00,09:50:00,Engine,ME2,1590,5.8,91,71.7,378,Normal,0,0,0,0,0,0,0,0,0
V039,10/12/2025 00:00,07:30:00,Generator,GEN2,1510,4,68.5,61,,Normal,0,0,0,0,0,0,1,0,1
V039,10/12/2025 00:00,10:20:00,Engine,ME1,1590,6.3,90,71.7,379,Normal,1,0,0,0,0,1,0,0,0
V039,10/12/2025 00:00,10:20:00,Engine,ME2,1600,6.5,100,85,400,Fault,0,0,0,0,0,0,0,1,0
V039,10/12/2025 00:00,08:00:00,Generator,GEN2,1520,4.1,69,61,,Normal,0,0,0,0,0,0,1,0,1
V039,10/12/2025 00:00,10:50:00,Engine,ME1,1580,5.9,90,71,378,Normal,0,0,0,0,0,0,0,0,0
V039,10/12/2025 00:00,10:50:00,Engine,ME2,1590,6.5,91,71.4,379,Normal,1,0,0,0,0,1,0,0,0
V039,10/12/2025 00:00,08:30:00,Generator,GEN2,1530,4.2,70,64,,Normal,0,0,0,0,0,0,1,0,1
V039,10/12/2025 00:00,11:20:00,Engine,ME1,1570,5.7,69,70,377,Normal,0,0,0,0,0,0,0,0,0
V039,10/12/2025 00:00,11:20:00,Engine,ME2,1580,6.1,91,71,378,Normal,1,0,0,0,0,1,0,0,0
V039,10/12/2025 00:00,09:00:00,Generator,GEN2,1540,6.5,100,85,,Fault,0,0,0,0,0,0,1,1,1
V039,10/12/2025 00:00,11:50:00,Engine,ME1,1560,5.6,68,69,376,Normal,0,0,0,0,0,0,0,0,0
V039,10/12/2025 00:00,11:50:00,Engine,ME2,1600,6.5,100,85,400,Fault,0,0,0,0,0,0,0,1,0
V039,10/12/2025 00:00,09:30:00,Generator,GEN2,1530,4.2,71,66,,Normal,0,0,0,0,0,0,1,0,1
V039,10/12/2025 00:00,12:20:00,Engine,ME1,1600,6.5,100,85,400,Fault,0,0,0,0,0,0,0,1,0
V039,10/12/2025 00:00,12:20:00,Engine,ME2,1580,5.8,91,72,379,Normal,0,0,0,0,0,0,0,0,0
V039,10/12/2025 00:00,10:00:00,Generator,GEN2,1530,4.2,70,64,,Normal,0,0,0,0,0,0,1,0,1
V039,10/12/2025 00:00,12:50:00,Engine,ME1,1400,5.5,90,71,377,Normal,0,0,0,0,0,0,0,0,0
V039,10/12/2025 00:00,12:50:00,Engine,ME2,1400,5.5,90,71,377,Normal,0,0,0,0,0,0,0,0,0
V039,10/12/2025 00:00,10:30:00,Generator,GEN2,1540,6.5,100,85,,Fault,0,0,0,0,0,0,1,1,1
V039,10/12/2025 00:00,13:20:00,Engine,ME1,1100,5,88,70,375,Normal,0,0,0,0,0,0,0,0,0
V039,10/12/2025 00:00,13:20:00,Engine,ME2,1100,5,88,70,374,Normal,0,0,0,0,0,0,0,0,0
V039,10/12/2025 00:00,11:00:00,Generator,GEN2,1530,4.2,70,63,,Normal,0,0,0,0,0,0,1,0,1
V039,10/12/2025 00:00,13:50:00,Engine,ME1,900,4.6,87,69,373,Normal,0,0,0,0,0,0,0,0,0
V039,10/12/2025 00:00,13:50:00,Engine,ME2,900,4.6,87,69,373,Normal,0,0,0,0,0,0,0,0,0
V039,10/12/2025 00:00,11:30:00,Generator,GEN2,1520,4.1,70,62,,Normal,0,0,0,0,0,0,1,0,1
V039,10/12/2025 00:00,14:20:00,Engine,ME1,700,4.2,85,66,370,Normal,0,0,0,0,0,0,0,0,0
V039,10/12/2025 00:00,14:20:00,Engine,ME2,700,4.1,85,66,370,Normal,0,0,0,0,0,0,0,0,0
V039,10/12/2025 00:00,12:00:00,Generator,GEN2,1530,4.2,70,65,,Normal,0,0,0,0,0,0,1,0,1
V039,10/12/2025 00:00,14:50:00,Engine,ME1,640,3.9,84,65,365,Normal,0,0,0,0,0,0,0,0,0
V039,10/12/2025 00:00,14:50:00,Engine,ME2,640,3.9,84,65,365,Normal,0,0,0,0,0,0,0,0,0
V039,10/12/2025 00:00,12:30:00,Generator,GEN2,1540,4.3,72,66,,Normal,0,0,0,0,0,0,1,0,1
V040,11/12/2025 00:00,02:30:00,Engine,ME1,640,3.9,85,65,364,Normal,0,0,0,0,0,0,0,0,0
V040,11/12/2025 00:00,02:30:00,Engine,ME2,640,3.9,85,65,364,Normal,0,0,0,0,0,0,0,0,0
V040,11/12/2025 00:00,01:00:00,Generator,GEN2,1550,4.5,70,66.5,,Normal,0,0,0,0,0,0,1,0,1
V040,11/12/2025 00:00,03:00:00,Engine,ME1,800,4.4,88,67,367,Normal,0,0,0,0,0,0,0,0,0
V040,11/12/2025 00:00,03:00:00,Engine,ME2,800,4.4,88,67,367,Normal,0,0,0,0,0,0,0,0,0
V040,11/12/2025 00:00,01:30:00,Generator,GEN2,1540,4.45,69.8,66,,Normal,0,0,0,0,0,0,1,0,1
V040,11/12/2025 00:00,03:30:00,Engine,ME1,1100,4.8,89,68,369,Normal,0,0,0,0,0,0,0,0,0
V040,11/12/2025 00:00,03:30:00,Engine,ME2,1100,4.9,89,68,369,Normal,0,0,0,0,0,0,0,0,0
V040,11/12/2025 00:00,02:00:00,Generator,GEN2,1540,6.5,100,85,,Fault,0,0,0,0,0,0,1,1,1
V040,11/12/2025 00:00,04:00:00,Engine,ME1,1400,5.4,90,70,376,Normal,0,0,0,0,0,0,0,0,0
V040,11/12/2025 00:00,04:00:00,Engine,ME2,1400,5.45,90,71,376,Normal,0,0,0,0,0,0,0,0,0
V040,11/12/2025 00:00,02:30:00,Generator,GEN2,1530,4.34,69,66,,Normal,0,0,0,0,0,0,1,0,1
V040,11/12/2025 00:00,04:30:00,Engine,ME1,1600,5.98,90.7,72,380,Normal,0,0,0,0,0,0,0,0,0
V040,11/12/2025 00:00,04:30:00,Engine,ME2,1600,5.86,91.8,72,382,Normal,0,0,0,0,0,0,0,0,0
V040,11/12/2025 00:00,03:00:00,Generator,GEN2,1520,4.3,68,65.3,,Normal,0,0,0,0,0,0,1,0,1
V040,11/12/2025 00:00,05:00:00,Engine,ME1,1600,6.5,100,85,400,Fault,0,0,0,0,0,0,0,1,0
V040,11/12/2025 00:00,05:00:00,Engine,ME2,1590,5.75,91.5,71.3,381,Normal,0,0,0,0,0,0,0,0,0
V040,11/12/2025 00:00,03:30:00,Generator,GEN2,1510,4.24,68,65,,Normal,0,0,0,0,0,0,1,0,1
V040,11/12/2025 00:00,05:30:00,Engine,ME1,1590,5.96,90.6,72,379.6,Normal,0,0,0,0,0,0,0,0,0
V040,11/12/2025 00:00,05:30:00,Engine,ME2,1600,6.5,100,85,400,Fault,0,0,0,0,0,0,0,1,0
V040,11/12/2025 00:00,04:00:00,Generator,GEN2,1500,4.16,67.7,64.6,,Normal,0,0,0,0,0,0,1,0,1
V040,11/12/2025 00:00,06:00:00,Engine,ME1,1500,5.5,89,71,378,Normal,0,0,0,0,0,0,0,0,0
V040,11/12/2025 00:00,06:00:00,Engine,ME2,1500,5.4,90,71,378,Normal,0,0,0,0,0,0,0,0,0
V040,11/12/2025 00:00,04:30:00,Generator,GEN2,1490,4.07,67,64,,Normal,0,0,0,0,0,0,1,0,1
V040,11/12/2025 00:00,06:30:00,Engine,ME1,1100,5,87,69,374,Normal,0,0,0,0,0,0,0,0,0
V040,11/12/2025 00:00,06:30:00,Engine,ME2,1100,5,86.5,69,374,Normal,0,0,0,0,0,0,0,0,0
V040,11/12/2025 00:00,05:00:00,Generator,GEN2,1500,4.1,68,64.5,,Normal,0,0,0,0,0,0,1,0,1
V040,11/12/2025 00:00,07:00:00,Engine,ME1,800,4.2,85,67,370,Normal,0,0,0,0,0,0,0,0,0
V040,11/12/2025 00:00,07:00:00,Engine,ME2,800,4.2,85,67,370,Normal,0,0,0,0,0,0,0,0,0
V040,11/12/2025 00:00,05:30:00,Generator,GEN2,1510,4.15,69,65,,Normal,0,0,0,0,0,0,1,0,1
V040,11/12/2025 00:00,07:30:00,Engine,ME1,650,4,84,66,366,Normal,0,0,0,0,0,0,0,0,0
V040,11/12/2025 00:00,07:30:00,Engine,ME2,650,4,84.5,66,366,Normal,0,0,0,0,0,0,0,0,0
V040,11/12/2025 00:00,06:00:00,Generator,GEN2,1550,4.6,71,67,,Normal,0,0,0,0,0,0,1,0,1
V041,13/12/2025,07:00:00,Engine,ME1,630,3.76,84,64,363,Normal,0,0,0,0,0,0,0,0,0
V041,13/12/2025,07:00:00,Engine,ME2,640,3.8,84,64,363,Normal,0,0,0,0,0,0,0,0,0
V041,13/12/2025,05:00:00,Generator,GEN2,1534,4.1,72,67,,Normal,0,0,0,0,0,0,1,0,1
V041,13/12/2025,07:30:00,Engine,ME1,900,4.3,87,66,367,Normal,0,0,0,0,0,0,0,0,0
V041,13/12/2025,07:30:00,Engine,ME2,900,4.4,87,66,367,Normal,0,0,0,0,0,0,0,0,0
V041,13/12/2025,05:30:00,Generator,GEN2,1540,4.2,73,69,,Normal,0,0,0,0,0,0,1,0,1
V041,13/12/2025,08:00:00,Engine,ME1,1100,4.8,89,68,370,Normal,0,0,0,0,0,0,0,0,0
V041,13/12/2025,08:00:00,Engine,ME2,1100,4.8,89.4,68,370,Normal,0,0,0,0,0,0,0,0,0
V041,13/12/2025,06:00:00,Generator,GEN2,1540,6.5,100,85,,Fault,0,0,0,0,0,0,1,1,1
V041,13/12/2025,08:30:00,Engine,ME1,1400,5.5,90,70,375,Normal,0,0,0,0,0,0,0,0,0
V041,13/12/2025,08:30:00,Engine,ME2,1400,5.6,90,70,375,Normal,0,0,0,0,0,0,0,0,0
V041,13/12/2025,06:30:00,Generator,GEN2,1530,4.05,71,66,,Normal,0,0,0,0,0,0,1,0,1
V041,13/12/2025,09:00:00,Engine,ME1,1600,5.91,91.2,73,380,Normal,0,0,0,0,0,0,0,0,0
V041,13/12/2025,09:00:00,Engine,ME2,1600,5.78,92.1,72,380,Normal,0,0,0,0,0,0,0,0,0
V041,13/12/2025,07:00:00,Generator,GEN2,1520,4,70,66,,Normal,0,0,0,0,0,0,1,0,1
V041,13/12/2025,09:30:00,Engine,ME1,1590,5.9,91,73,379.5,Normal,0,0,0,0,0,0,0,0,0
V041,13/12/2025,09:30:00,Engine,ME2,1600,6.5,100,85,400,Fault,0,0,0,0,0,0,0,1,0
V041,13/12/2025,07:30:00,Generator,GEN2,1500,3.9,69.6,65.5,,Normal,0,0,0,0,0,0,1,0,1
V041,13/12/2025,10:00:00,Engine,ME1,1600,6.5,100,85,400,Fault,0,0,0,0,0,0,0,1,0
V041,13/12/2025,10:00:00,Engine,ME2,1590,5.7,92,71.8,379.5,Normal,0,0,0,0,0,0,0,0,0
V041,13/12/2025,08:00:00,Generator,GEN2,1510,4,70,66,,Normal,0,0,0,0,0,0,1,0,1
V041,13/12/2025,10:30:00,Engine,ME1,1590,5.93,91.2,73.1,379.6,Normal,0,0,0,0,0,0,0,0,0
V041,13/12/2025,10:30:00,Engine,ME2,1580,5.6,91.5,71.6,379.2,Normal,0,0,0,0,0,0,0,0,0
V041,13/12/2025,08:30:00,Generator,GEN2,1520,4.1,71,66.2,,Normal,0,0,0,0,0,0,1,0,1
V041,13/12/2025,11:00:00,Engine,ME1,1580,5.85,91,73,379.3,Normal,0,0,0,0,0,0,0,0,0
V041,13/12/2025,11:00:00,Engine,ME2,1570,5.5,91,71.3,379,Normal,0,0,0,0,0,0,0,0,0
V041,13/12/2025,09:00:00,Generator,GEN2,1530,4.15,71.5,66.5,,Normal,0,0,0,0,0,0,1,0,1
V041,13/12/2025,11:30:00,Engine,ME1,1500,5.67,90.5,72,379.4,Normal,0,0,0,0,0,0,0,0,0
V041,13/12/2025,11:30:00,Engine,ME2,1500,5.4,90,71,379,Normal,0,0,0,0,0,0,0,0,0
V041,13/12/2025,09:30:00,Generator,GEN2,1540,6.5,100,85,,Fault,0,0,0,0,0,0,1,1,1
V041,13/12/2025,12:00:00,Engine,ME1,1300,5.3,89,70,375,Normal,0,0,0,0,0,0,0,0,0
V041,13/12/2025,12:00:00,Engine,ME2,1300,5.2,89,70,375,Normal,0,0,0,0,0,0,0,0,0
V041,13/12/2025,10:00:00,Generator,GEN2,1530,4.2,72,66,,Normal,0,0,0,0,0,0,1,0,1
V041,13/12/2025,12:30:00,Engine,ME1,1000,4.8,87,68,372,Normal,0,0,0,0,0,0,0,0,0
V041,13/12/2025,12:30:00,Engine,ME2,1000,4.8,87,68,372,Normal,0,0,0,0,0,0,0,0,0
V041,13/12/2025,10:30:00,Generator,GEN2,1540,6.5,100,85,,Fault,0,0,0,0,0,0,1,1,1
V041,13/12/2025,13:00:00,Engine,ME1,800,4.3,86,66,368,Normal,0,0,0,0,0,0,0,0,0
V041,13/12/2025,13:00:00,Engine,ME2,800,4.3,86,66,368,Normal,0,0,0,0,0,0,0,0,0
V041,13/12/2025,11:00:00,Generator,GEN2,1530,4.19,71,64,,Normal,0,0,0,0,0,0,1,0,1
V041,13/12/2025,13:30:00,Engine,ME1,650,4,85,65,367,Normal,0,0,0,0,0,0,0,0,0
V041,13/12/2025,13:30:00,Engine,ME2,650,4,85,65,367,Normal,0,0,0,0,0,0,0,0,0
V041,13/12/2025,11:30:00,Generator,GEN2,1540,4.2,72,66,,Normal,0,0,0,0,0,0,1,0,1
V042,14/12/2025,06:50:00,Engine,ME1,630,3.9,84,64,364,Normal,0,0,0,0,0,0,0,0,0
V042,14/12/2025,06:50:00,Engine,ME2,630,3.8,84,64,364,Normal,0,0,0,0,0,0,0,0,0
V042,14/12/2025,05:00:00,Generator,GEN2,1535,4.1,72.5,68,,Normal,0,0,1,0,0,1,1,0,1
V042,14/12/2025,07:20:00,Engine,ME1,800,4.4,86,66,368,Normal,0,0,0,0,0,0,0,0,0
V042,14/12/2025,07:20:00,Engine,ME2,800,4.4,86,66,368,Normal,0,0,0,0,0,0,0,0,0
V042,14/12/2025,05:30:00,Generator,GEN2,1540,6.5,100,85,400,Fault,0,0,0,0,0,0,1,1,0
V042,14/12/2025,07:50:00,Engine,ME1,1000,4.7,88,68,370,Normal,0,0,0,0,0,0,0,0,0
V042,14/12/2025,07:50:00,Engine,ME2,1000,4.7,88,68,370,Normal,0,0,0,0,0,0,0,0,0
V042,14/12/2025,06:00:00,Generator,GEN2,1530,4.2,71,67,,Normal,0,0,0,0,0,0,1,0,1
V042,14/12/2025,08:20:00,Engine,ME1,1300,5.4,90,70,376,Normal,0,0,0,0,0,0,0,0,0
V042,14/12/2025,08:20:00,Engine,ME2,1300,5.4,90,70,376,Normal,0,0,0,0,0,0,0,0,0
V042,14/12/2025,06:30:00,Generator,GEN2,1520,4.1,71,66.5,,Normal,0,0,0,0,0,0,1,0,1
V042,14/12/2025,08:50:00,Engine,ME1,1600,5.83,92.6,74,384,Normal,0,0,0,0,0,0,0,0,0
V042,14/12/2025,08:50:00,Engine,ME2,1600,5.76,93.7,74,383,Normal,0,0,0,0,0,0,0,0,0
V042,14/12/2025,07:00:00,Generator,GEN2,1510,4,70,66,,Normal,0,0,0,0,0,0,1,0,1
V042,14/12/2025,09:20:00,Engine,ME1,1600,6.5,100,85,400,Fault,0,0,0,0,0,0,0,1,0
V042,14/12/2025,09:20:00,Engine,ME2,1590,5.7,93,73.6,382,Normal,0,0,0,0,0,0,0,0,0
V042,14/12/2025,07:30:00,Generator,GEN2,1520,4.1,71,67,,Normal,0,0,0,0,0,0,1,0,1
V042,14/12/2025,09:50:00,Engine,ME1,1590,5.8,92,73,382,Normal,0,0,0,0,0,0,0,0,0
V042,14/12/2025,09:50:00,Engine,ME2,1600,6.5,100,85,400,Fault,0,0,0,0,0,0,0,1,0
V042,14/12/2025,08:00:00,Generator,GEN2,1530,4.2,72,67.4,,Normal,0,0,0,0,0,0,1,0,1
V042,14/12/2025,10:20:00,Engine,ME1,1580,5.73,91.7,72.5,381,Normal,0,0,0,0,0,0,0,0,0
V042,14/12/2025,10:20:00,Engine,ME2,1590,5.73,93.2,73.8,378.4,Normal,0,0,0,0,0,0,0,0,0
V042,14/12/2025,08:30:00,Generator,GEN2,1540,6.5,100,85,,Normal,0,0,0,0,0,0,1,0,1
V042,14/12/2025,10:50:00,Engine,ME1,1570,5.6,91.2,72.1,375,Normal,0,0,0,0,0,0,0,0,0
V042,14/12/2025,10:50:00,Engine,ME2,1580,5.6,93,73.4,376,Normal,0,0,0,0,0,0,0,0,0
V042,14/12/2025,09:00:00,Generator,GEN2,1530,4.2,72,65,,Normal,0,0,0,0,0,0,1,0,1
V042,14/12/2025,11:20:00,Engine,ME1,1560,5.6,91,72,374,Normal,0,0,0,0,0,0,0,0,0
V042,14/12/2025,11:20:00,Engine,ME2,1570,5.6,92.5,72,374,Normal,0,0,0,0,0,0,0,0,0
V042,14/12/2025,09:30:00,Generator,GEN2,1500,4,70,63,,Normal,0,0,0,0,0,0,1,0,1
V042,14/12/2025,11:50:00,Engine,ME1,1600,6.5,100,85,400,Fault,0,0,0,0,0,0,0,1,0
V042,14/12/2025,11:50:00,Engine,ME2,1560,5.5,92,71.5,373,Normal,0,0,0,0,0,0,0,0,0
V042,14/12/2025,10:00:00,Generator,GEN2,1510,4,70.5,63,,Normal,0,0,0,0,0,0,1,0,1
V042,14/12/2025,12:20:00,Engine,ME1,1590,5.76,91.6,73.4,379,Normal,0,0,0,0,0,0,0,0,0
V042,14/12/2025,12:20:00,Engine,ME2,1600,6.5,100,85,400,Fault,0,0,0,0,0,0,0,1,0
V042,14/12/2025,10:30:00,Generator,GEN2,1520,4.1,71,64,,Normal,0,0,0,0,0,0,1,0,1
V042,14/12/2025,12:50:00,Engine,ME1,1580,5.7,91,73,378,Normal,0,0,0,0,0,0,0,0,0
V042,14/12/2025,12:50:00,Engine,ME2,1590,5.7,91.5,73.4,377,Normal,0,0,0,0,0,0,0,0,0
V042,14/12/2025,11:00:00,Generator,GEN2,530,4.2,72,65,,Normal,0,0,0,0,0,0,1,0,1
V042,14/12/2025,13:20:00,Engine,ME1,1570,5.65,90,73,378,Normal,0,0,0,0,0,0,0,0,0
V042,14/12/2025,13:20:00,Engine,ME2,1580,5.7,91,73.3,376.8,Normal,0,0,0,0,0,0,0,0,0
V042,14/12/2025,11:30:00,Generator,GEN2,1540,6.5,100,85,,Fault,0,0,0,0,0,0,1,1,1
V042,14/12/2025,13:50:00,Engine,ME1,1560,5.6,89.6,72.8,376,Normal,0,0,0,0,0,0,0,0,0
V042,14/12/2025,13:50:00,Engine,ME2,1570,5.67,90.5,73,376,Normal,0,0,0,0,0,0,0,0,0
V042,14/12/2025,12:00:00,Generator,GEN2,1530,4.05,71,66,,Normal,0,0,0,0,0,0,1,0,1
V042,14/12/2025,14:20:00,Engine,ME1,1500,5.5,89,72,375,Normal,0,0,0,0,0,0,0,0,0
V042,14/12/2025,14:20:00,Engine,ME2,1500,5.57,89.5,72.5,375,Normal,0,0,0,0,0,0,0,0,0
V042,14/12/2025,12:30:00,Generator,GEN2,1520,4,71,66,,Normal,0,0,0,0,0,0,1,0,1
V042,14/12/2025,14:50:00,Engine,ME1,1200,5,88,71,374,Normal,0,0,0,0,0,0,0,0,0
V042,14/12/2025,14:50:00,Engine,ME2,1200,5,88,71.5,374,Normal,0,0,0,0,0,0,0,0,0
V042,14/12/2025,13:00:00,Generator,GEN2,1510,4,70,65,,Normal,0,0,0,0,0,0,1,0,1
V042,14/12/2025,15:20:00,Engine,ME1,1000,4.8,87,70,372,Normal,0,0,0,0,0,0,0,0,0
V042,14/12/2025,15:20:00,Engine,ME2,1000,4.8,87,70,372,Normal,0,0,0,0,0,0,0,0,0
V042,14/12/2025,13:30:00,Generator,GEN2,1500,3.9,69.5,64.7,,Normal,0,0,0,0,0,0,1,0,1
V042,14/12/2025,15:50:00,Engine,ME1,800,4.4,86,68,368,Normal,0,0,0,0,0,0,0,0,0
V042,14/12/2025,15:50:00,Engine,ME2,800,4.4,86,68,368,Normal,0,0,0,0,0,0,0,0,0
V042,14/12/2025,14:00:00,Generator,GEN2,1540,6.5,100,85,,Fault,0,0,0,0,0,0,1,1,1
V042,14/12/2025,16:20:00,Engine,ME1,700,4.2,85,67,366,Normal,0,0,0,0,0,0,0,0,0
V042,14/12/2025,16:20:00,Engine,ME2,700,4.2,85,67,366,Normal,0,0,0,0,0,0,0,0,0
V042,14/12/2025,14:30:00,Generator,GEN2,1540,4.2,72,67,,Normal,0,0,0,0,0,0,1,0,1
V042,14/12/2025,16:40:00,Engine,ME1,640,4,84,65,365,Normal,0,0,0,0,0,0,0,0,0
V042,14/12/2025,16:40:00,Engine,ME2,630,3.9,84,65,365,Normal,0,0,0,0,0,0,0,0,0
V042,14/12/2025,15:00:00,Generator,GEN2,1540,4.25,73,67.5,,Normal,0,0,0,0,0,0,1,0,1
V043,15/12/2025,07:00:00,Engine,ME1,640,3.8,84,64,365,Normal,0,0,0,0,0,0,0,0,0
V043,15/12/2025,07:00:00,Engine,ME2,650,3.9,84,64,365,Normal,0,0,0,0,0,0,0,0,0
V043,15/12/2025,05:00:00,Generator,GEN1,1540,4.5,72,66.2,,Normal,0,0,0,0,0,0,1,0,1
V043,15/12/2025,07:30:00,Engine,ME1,800,4.4,86,66,367,Normal,0,0,0,0,0,0,0,0,0
V043,15/12/2025,07:30:00,Engine,ME2,800,4.4,86,66,367,Normal,0,0,0,0,0,0,0,0,0
V043,15/12/2025,05:30:00,Generator,GEN1,1530,4.4,71.5,66,,Normal,0,0,0,0,0,0,1,0,1
V043,15/12/2025,08:00:00,Engine,ME1,1000,4.6,87,67,367,Normal,0,0,0,0,0,0,0,0,0
V043,15/12/2025,08:00:00,Engine,ME2,1000,4.6,87,67,367,Normal,0,0,0,0,0,0,0,0,0
V043,15/12/2025,06:00:00,Generator,GEN1,1540,6.5,100,85,,Fault,0,0,0,0,0,0,1,1,1
V043,15/12/2025,08:30:00,Engine,ME1,1200,4.9,88,68,374,Normal,0,0,0,0,0,0,0,0,0
V043,15/12/2025,08:30:00,Engine,ME2,1200,4.9,88,68,374,Normal,0,0,0,0,0,0,0,0,0
V043,15/12/2025,06:30:00,Generator,GEN1,1530,4.3,71,66,,Normal,0,0,0,0,0,0,1,0,1
V043,15/12/2025,09:00:00,Engine,ME1,1400,5.2,90,70,376,Normal,0,0,0,0,0,0,0,0,0
V043,15/12/2025,09:00:00,Engine,ME2,1400,5.3,90,71,376,Normal,0,0,0,0,0,0,0,0,0
V043,15/12/2025,07:00:00,Generator,GEN1,1540,6.5,100,85,,Fault,0,0,0,0,0,0,1,1,1
V043,15/12/2025,09:30:00,Engine,ME1,1600,5.9,92,74,383,Normal,0,0,0,0,0,0,0,0,0
V043,15/12/2025,09:30:00,Engine,ME2,1600,5.94,92.4,74,383,Normal,0,0,0,0,0,0,0,0,0
V043,15/12/2025,07:30:00,Generator,GEN1,1530,4.34,72,66,,Normal,0,0,0,0,0,0,1,0,1
V043,15/12/2025,10:00:00,Engine,ME1,1600,6.5,100,85,400,Fault,0,0,0,0,0,0,0,1,0
V043,15/12/2025,10:00:00,Engine,ME2,1590,5.8,92,73,382,Normal,0,0,0,0,0,0,0,0,0
V043,15/12/2025,08:00:00,Generator,GEN1,1520,4.3,72,65.7,,Normal,0,0,0,0,0,0,1,0,1
V043,15/12/2025,10:30:00,Engine,ME1,1590,5.8,91.7,73.7,382,Normal,0,0,0,0,0,0,0,0,0
V043,15/12/2025,10:30:00,Engine,ME2,1600,6.5,100,85,400,Fault,0,0,0,0,0,0,0,1,0
V043,15/12/2025,08:30:00,Generator,GEN1,1510,4.2,71.5,65.5,,Normal,0,0,0,0,0,0,1,0,1
V043,15/12/2025,11:00:00,Engine,ME1,1580,5.72,91.2,73.4,381,Normal,0,0,0,0,0,0,0,0,0
V043,15/12/2025,11:00:00,Engine,ME2,1590,5.9,92.3,73.2,382.5,Normal,0,0,0,0,0,0,0,0,0
V043,15/12/2025,09:00:00,Generator,GEN1,1500,4.15,71,65.2,,Normal,0,0,0,0,0,0,1,0,1
V043,15/12/2025,11:30:00,Engine,ME1,1570,5.7,91.1,73,380,Normal,0,0,0,0,0,0,0,0,0
V043,15/12/2025,11:30:00,Engine,ME2,1580,5.8,92,73,381,Normal,0,0,0,0,0,0,0,0,0
V043,15/12/2025,09:30:00,Generator,GEN1,1540,6.5,100,85,,Fault,0,0,0,0,0,0,1,1,1
V043,15/12/2025,12:00:00,Engine,ME1,1560,5.6,91,73,379,Normal,0,0,0,0,0,0,0,0,0
V043,15/12/2025,12:00:00,Engine,ME2,1570,5.7,91.7,72.5,380,Normal,0,0,0,0,0,0,0,0,0
V043,15/12/2025,10:00:00,Generator,GEN1,1530,4.4,71,65,,Normal,0,0,0,0,0,0,1,0,1
V043,15/12/2025,12:30:00,Engine,ME1,1550,5.5,90,72,378,Normal,0,0,0,0,0,0,0,0,0
V043,15/12/2025,12:30:00,Engine,ME2,1560,5.6,91,72.5,379,Normal,0,0,0,1,0,1,0,0,0
V043,15/12/2025,10:30:00,Generator,GEN1,1520,4.3,71,64.6,,Normal,0,0,0,0,0,0,1,0,1
V043,15/12/2025,13:00:00,Engine,ME1,1540,5.43,89.5,71.4,377,Normal,0,0,0,0,0,0,0,0,0
V043,15/12/2025,13:00:00,Engine,ME2,1550,5.52,90,72,378,Normal,0,0,0,0,0,0,0,0,0
V043,15/12/2025,11:00:00,Generator,GEN1,1510,4.2,70,64,,Normal,0,0,0,0,0,0,1,0,1
V043,15/12/2025,13:30:00,Engine,ME1,1500,5.3,89,71,376,Normal,0,0,0,0,0,0,0,0,0
V043,15/12/2025,13:30:00,Engine,ME2,1500,5.3,89.5,71,376,Normal,0,0,0,0,0,0,0,0,0
V043,15/12/2025,11:30:00,Generator,GEN1,1500,4.1,70,64,,Normal,0,0,0,0,0,0,1,0,1
V043,15/12/2025,14:00:00,Engine,ME1,1300,5,88,70,374,Normal,0,0,0,0,0,0,0,0,0
V043,15/12/2025,14:00:00,Engine,ME2,1300,5,88,70,374,Normal,0,0,0,0,0,0,0,0,0
V043,15/12/2025,12:00:00,Generator,GEN1,1540,6.5,100,85,,Normal,0,0,0,0,0,0,1,0,1
V043,15/12/2025,14:30:00,Engine,ME1,1000,4.8,87,68,372,Normal,0,0,0,0,0,0,0,0,0
V043,15/12/2025,14:30:00,Engine,ME2,1000,4.8,87,68,372,Normal,0,0,0,0,0,0,0,0,0
V043,15/12/2025,12:30:00,Generator,GEN1,1530,4.3,71,65,,Normal,0,0,0,0,0,0,1,0,1
V043,15/12/2025,15:00:00,Engine,ME1,800,4.4,86,67,368,Normal,0,0,0,0,0,0,0,0,0
V043,15/12/2025,15:00:00,Engine,ME2,800,4.4,86,67,368,Normal,0,0,0,0,0,0,0,0,0
V043,15/12/2025,13:00:00,Generator,GEN1,1520,4.2,70,64,,Normal,0,0,0,0,0,0,1,0,1
V043,15/12/2025,15:30:00,Engine,ME1,640,4,85,66,366,Normal,0,0,0,0,0,0,0,0,0
V043,15/12/2025,15:30:00,Engine,ME2,640,4,85,66,366,Normal,0,0,0,0,0,0,0,0,0
V043,15/12/2025,13:30:00,Generator,GEN1,1540,4.3,72,66,,Normal,0,0,0,0,0,0,1,0,1
